117.3250734,-120.1245968,38.0,-49.49999994953006
114.8917743,-122.2028306,38.0,-49.49999994953006
112.4584752,-124.2810643,28.4,-49.49999994953006
117.3250734,-120.1245968,34.8,-49.49999994953006
110.0251761,-126.3592981,34.8,-49.49999994953006
112.4584752,-124.2810643,34.8,-49.49999994953006
110.0251761,-126.3592981,38.0,-49.49999994953006
117.3250734,-120.1245968,28.4,-49.49999994953006
114.8917743,-122.2028306,31.6,-49.49999994953006
110.0251761,-126.3592981,28.4,-49.49999994953006
114.8917743,-122.2028306,34.8,-49.49999994953006
110.0251761,-126.3592981,31.6,-49.49999994953006
112.4584752,-124.2810643,38.0,-49.49999994953006
112.4584752,-124.2810643,31.6,-49.49999994953006
117.3250734,-120.1245968,31.6,-49.49999994953006
114.8917743,-122.2028306,28.4,-49.49999994953006
117.3250734,-120.1245968,41.2,-49.49999994953006
114.8917743,-122.2028306,41.2,-49.49999994953006
117.3250734,-120.1245968,44.4,-49.49999994953006
114.8917743,-122.2028306,44.4,-49.49999994953006
117.3250734,-120.1245968,50.8,-49.49999994953006
117.3250734,-120.1245968,47.6,-49.49999994953006
114.8917743,-122.2028306,50.8,-49.49999994953006
114.8917743,-122.2028306,47.6,-49.49999994953006
112.4584752,-124.2810643,41.2,-49.49999994953006
112.4584752,-124.2810643,47.6,-49.49999994953006
112.4584752,-124.2810643,44.4,-49.49999994953006
107.5918771,-128.4375319,38.0,-49.49999994953006
112.4584752,-124.2810643,50.8,-49.49999994953006
110.0251761,-126.3592981,41.2,-49.49999994953006
110.0251761,-126.3592981,50.8,-49.49999994953006
110.0251761,-126.3592981,47.6,-49.49999994953006
110.0251761,-126.3592981,44.4,-49.49999994953006
107.5918771,-128.4375319,41.2,-49.49999994953006
107.5918771,-128.4375319,44.4,-49.49999994953006
107.5918771,-128.4375319,50.8,-49.49999994953006
107.5918771,-128.4375319,47.6,-49.49999994953006
105.158578,-130.5157656,50.8,-49.49999994953006
107.5918771,-128.4375319,34.8,-49.49999994953006
105.158578,-130.5157656,47.6,-49.49999994953006
105.158578,-130.5157656,44.4,-49.49999994953006
105.158578,-130.5157656,41.2,-49.49999994953006
102.7252789,-132.5939994,47.6,-49.49999994953006
102.7252789,-132.5939994,50.8,-49.49999994953006
100.2919798,-134.6722331,50.8,-49.49999994953006
102.7252789,-132.5939994,41.2,-49.49999994953006
100.2919798,-134.6722331,47.6,-49.49999994953006
102.7252789,-132.5939994,44.4,-49.49999994953006
100.2919798,-134.6722331,41.2,-49.49999994953006
100.2919798,-134.6722331,44.4,-49.49999994953006
105.158578,-130.5157656,31.6,-49.49999994953006
102.7252789,-132.5939994,31.6,-49.49999994953006
102.7252789,-132.5939994,28.4,-49.49999994953006
102.7252789,-132.5939994,38.0,-49.49999994953006
102.7252789,-132.5939994,34.8,-49.49999994953006
100.2919798,-134.6722331,31.6,-49.49999994953006
100.2919798,-134.6722331,28.4,-49.49999994953006
105.158578,-130.5157656,28.4,-49.49999994953006
107.5918771,-128.4375319,28.4,-49.49999994953006
105.158578,-130.5157656,38.0,-49.49999994953006
100.2919798,-134.6722331,34.8,-49.49999994953006
105.158578,-130.5157656,34.8,-49.49999994953006
107.5918771,-128.4375319,31.6,-49.49999994953006
100.2919798,-134.6722331,38.0,-49.49999994953006
100.2919798,-134.6722331,14.8,-49.49999994953006
102.7252789,-132.5939994,14.8,-49.49999994953006
107.5918771,-128.4375319,18.0,-49.49999994953006
102.7252789,-132.5939994,18.0,-49.49999994953006
107.5918771,-128.4375319,14.8,-49.49999994953006
100.2919798,-134.6722331,21.2,-49.49999994953006
105.158578,-130.5157656,21.2,-49.49999994953006
100.2919798,-134.6722331,24.4,-49.49999994953006
102.7252789,-132.5939994,21.2,-49.49999994953006
110.0251761,-126.3592981,14.8,-49.49999994953006
100.2919798,-134.6722331,18.0,-49.49999994953006
110.0251761,-126.3592981,18.0,-49.49999994953006
105.158578,-130.5157656,14.8,-49.49999994953006
105.158578,-130.5157656,24.4,-49.49999994953006
105.158578,-130.5157656,18.0,-49.49999994953006
102.7252789,-132.5939994,24.4,-49.49999994953006
100.2919798,-134.6722331,11.6,-49.49999994953006
100.2919798,-134.6722331,5.2,-49.49999994953006
100.2919798,-134.6722331,8.4,-49.49999994953006
100.2919798,-134.6722331,2.0,-49.49999994953006
102.7252789,-132.5939994,8.4,-49.49999994953006
102.7252789,-132.5939994,11.6,-49.49999994953006
102.7252789,-132.5939994,5.2,-49.49999994953006
102.7252789,-132.5939994,2.0,-49.49999994953006
105.158578,-130.5157656,11.6,-49.49999994953006
105.158578,-130.5157656,5.2,-49.49999994953006
105.158578,-130.5157656,8.4,-49.49999994953006
107.5918771,-128.4375319,21.2,-49.49999994953006
105.158578,-130.5157656,2.0,-49.49999994953006
107.5918771,-128.4375319,2.0,-49.49999994953006
107.5918771,-128.4375319,5.2,-49.49999994953006
107.5918771,-128.4375319,11.6,-49.49999994953006
107.5918771,-128.4375319,8.4,-49.49999994953006
110.0251761,-126.3592981,8.4,-49.49999994953006
110.0251761,-126.3592981,5.2,-49.49999994953006
110.0251761,-126.3592981,11.6,-49.49999994953006
110.0251761,-126.3592981,2.0,-49.49999994953006
112.4584752,-124.2810643,2.0,-49.49999994953006
107.5918771,-128.4375319,24.4,-49.49999994953006
112.4584752,-124.2810643,5.2,-49.49999994953006
114.8917743,-122.2028306,2.0,-49.49999994953006
112.4584752,-124.2810643,8.4,-49.49999994953006
114.8917743,-122.2028306,5.2,-49.49999994953006
112.4584752,-124.2810643,11.6,-49.49999994953006
117.3250734,-120.1245968,2.0,-49.49999994953006
114.8917743,-122.2028306,8.4,-49.49999994953006
117.3250734,-120.1245968,5.2,-49.49999994953006
114.8917743,-122.2028306,11.6,-49.49999994953006
117.3250734,-120.1245968,8.4,-49.49999994953006
117.3250734,-120.1245968,11.6,-49.49999994953006
112.4584752,-124.2810643,24.4,-49.49999994953006
114.8917743,-122.2028306,18.0,-49.49999994953006
114.8917743,-122.2028306,24.4,-49.49999994953006
114.8917743,-122.2028306,14.8,-49.49999994953006
114.8917743,-122.2028306,21.2,-49.49999994953006
117.3250734,-120.1245968,21.2,-49.49999994953006
117.3250734,-120.1245968,24.4,-49.49999994953006
112.4584752,-124.2810643,21.2,-49.49999994953006
110.0251761,-126.3592981,21.2,-49.49999994953006
112.4584752,-124.2810643,14.8,-49.49999994953006
117.3250734,-120.1245968,18.0,-49.49999994953006
112.4584752,-124.2810643,18.0,-49.49999994953006
110.0251761,-126.3592981,24.4,-49.49999994953006
117.3250734,-120.1245968,14.8,-49.49999994953006
134.6722341,-100.2919786,38.0,-40.49999996471382
132.5940003,-102.7252777,38.0,-40.49999996471382
130.5157666,-105.1585768,28.4,-40.49999996471382
134.6722341,-100.2919786,34.8,-40.49999996471382
128.4375328,-107.5918759,34.8,-40.49999996471382
130.5157666,-105.1585768,34.8,-40.49999996471382
128.4375328,-107.5918759,38.0,-40.49999996471382
134.6722341,-100.2919786,28.4,-40.49999996471382
132.5940003,-102.7252777,31.6,-40.49999996471382
128.4375328,-107.5918759,28.4,-40.49999996471382
132.5940003,-102.7252777,34.8,-40.49999996471382
128.4375328,-107.5918759,31.6,-40.49999996471382
130.5157666,-105.1585768,38.0,-40.49999996471382
130.5157666,-105.1585768,31.6,-40.49999996471382
134.6722341,-100.2919786,31.6,-40.49999996471382
132.5940003,-102.7252777,28.4,-40.49999996471382
134.6722341,-100.2919786,41.2,-40.49999996471382
132.5940003,-102.7252777,41.2,-40.49999996471382
134.6722341,-100.2919786,44.4,-40.49999996471382
132.5940003,-102.7252777,44.4,-40.49999996471382
134.6722341,-100.2919786,50.8,-40.49999996471382
134.6722341,-100.2919786,47.6,-40.49999996471382
132.5940003,-102.7252777,50.8,-40.49999996471382
132.5940003,-102.7252777,47.6,-40.49999996471382
130.5157666,-105.1585768,41.2,-40.49999996471382
130.5157666,-105.1585768,47.6,-40.49999996471382
130.5157666,-105.1585768,44.4,-40.49999996471382
126.3592991,-110.025175,38.0,-40.49999996471382
130.5157666,-105.1585768,50.8,-40.49999996471382
128.4375328,-107.5918759,41.2,-40.49999996471382
128.4375328,-107.5918759,50.8,-40.49999996471382
128.4375328,-107.5918759,47.6,-40.49999996471382
128.4375328,-107.5918759,44.4,-40.49999996471382
126.3592991,-110.025175,41.2,-40.49999996471382
126.3592991,-110.025175,44.4,-40.49999996471382
126.3592991,-110.025175,50.8,-40.49999996471382
126.3592991,-110.025175,47.6,-40.49999996471382
124.2810653,-112.4584741,50.8,-40.49999996471382
126.3592991,-110.025175,34.8,-40.49999996471382
124.2810653,-112.4584741,47.6,-40.49999996471382
124.2810653,-112.4584741,44.4,-40.49999996471382
124.2810653,-112.4584741,41.2,-40.49999996471382
122.2028316,-114.8917732,47.6,-40.49999996471382
122.2028316,-114.8917732,50.8,-40.49999996471382
120.1245978,-117.3250723,50.8,-40.49999996471382
122.2028316,-114.8917732,41.2,-40.49999996471382
120.1245978,-117.3250723,47.6,-40.49999996471382
122.2028316,-114.8917732,44.4,-40.49999996471382
120.1245978,-117.3250723,41.2,-40.49999996471382
120.1245978,-117.3250723,44.4,-40.49999996471382
124.2810653,-112.4584741,31.6,-40.49999996471382
122.2028316,-114.8917732,31.6,-40.49999996471382
122.2028316,-114.8917732,28.4,-40.49999996471382
122.2028316,-114.8917732,38.0,-40.49999996471382
122.2028316,-114.8917732,34.8,-40.49999996471382
120.1245978,-117.3250723,31.6,-40.49999996471382
120.1245978,-117.3250723,28.4,-40.49999996471382
124.2810653,-112.4584741,28.4,-40.49999996471382
126.3592991,-110.025175,28.4,-40.49999996471382
124.2810653,-112.4584741,38.0,-40.49999996471382
120.1245978,-117.3250723,34.8,-40.49999996471382
124.2810653,-112.4584741,34.8,-40.49999996471382
126.3592991,-110.025175,31.6,-40.49999996471382
120.1245978,-117.3250723,38.0,-40.49999996471382
120.1245978,-117.3250723,14.8,-40.49999996471382
122.2028316,-114.8917732,14.8,-40.49999996471382
126.3592991,-110.025175,18.0,-40.49999996471382
122.2028316,-114.8917732,18.0,-40.49999996471382
126.3592991,-110.025175,14.8,-40.49999996471382
120.1245978,-117.3250723,21.2,-40.49999996471382
124.2810653,-112.4584741,21.2,-40.49999996471382
120.1245978,-117.3250723,24.4,-40.49999996471382
122.2028316,-114.8917732,21.2,-40.49999996471382
128.4375328,-107.5918759,14.8,-40.49999996471382
120.1245978,-117.3250723,18.0,-40.49999996471382
128.4375328,-107.5918759,18.0,-40.49999996471382
124.2810653,-112.4584741,14.8,-40.49999996471382
124.2810653,-112.4584741,24.4,-40.49999996471382
124.2810653,-112.4584741,18.0,-40.49999996471382
122.2028316,-114.8917732,24.4,-40.49999996471382
120.1245978,-117.3250723,11.6,-40.49999996471382
120.1245978,-117.3250723,5.2,-40.49999996471382
120.1245978,-117.3250723,8.4,-40.49999996471382
120.1245978,-117.3250723,2.0,-40.49999996471382
122.2028316,-114.8917732,8.4,-40.49999996471382
122.2028316,-114.8917732,11.6,-40.49999996471382
122.2028316,-114.8917732,5.2,-40.49999996471382
122.2028316,-114.8917732,2.0,-40.49999996471382
124.2810653,-112.4584741,11.6,-40.49999996471382
124.2810653,-112.4584741,5.2,-40.49999996471382
124.2810653,-112.4584741,8.4,-40.49999996471382
126.3592991,-110.025175,21.2,-40.49999996471382
124.2810653,-112.4584741,2.0,-40.49999996471382
126.3592991,-110.025175,2.0,-40.49999996471382
126.3592991,-110.025175,5.2,-40.49999996471382
126.3592991,-110.025175,11.6,-40.49999996471382
126.3592991,-110.025175,8.4,-40.49999996471382
128.4375328,-107.5918759,8.4,-40.49999996471382
128.4375328,-107.5918759,5.2,-40.49999996471382
128.4375328,-107.5918759,11.6,-40.49999996471382
128.4375328,-107.5918759,2.0,-40.49999996471382
130.5157666,-105.1585768,2.0,-40.49999996471382
126.3592991,-110.025175,24.4,-40.49999996471382
130.5157666,-105.1585768,5.2,-40.49999996471382
132.5940003,-102.7252777,2.0,-40.49999996471382
130.5157666,-105.1585768,8.4,-40.49999996471382
132.5940003,-102.7252777,5.2,-40.49999996471382
130.5157666,-105.1585768,11.6,-40.49999996471382
134.6722341,-100.2919786,2.0,-40.49999996471382
132.5940003,-102.7252777,8.4,-40.49999996471382
134.6722341,-100.2919786,5.2,-40.49999996471382
132.5940003,-102.7252777,11.6,-40.49999996471382
134.6722341,-100.2919786,8.4,-40.49999996471382
134.6722341,-100.2919786,11.6,-40.49999996471382
130.5157666,-105.1585768,24.4,-40.49999996471382
132.5940003,-102.7252777,18.0,-40.49999996471382
132.5940003,-102.7252777,24.4,-40.49999996471382
132.5940003,-102.7252777,14.8,-40.49999996471382
132.5940003,-102.7252777,21.2,-40.49999996471382
134.6722341,-100.2919786,21.2,-40.49999996471382
134.6722341,-100.2919786,24.4,-40.49999996471382
130.5157666,-105.1585768,21.2,-40.49999996471382
128.4375328,-107.5918759,21.2,-40.49999996471382
130.5157666,-105.1585768,14.8,-40.49999996471382
134.6722341,-100.2919786,18.0,-40.49999996471382
130.5157666,-105.1585768,18.0,-40.49999996471382
128.4375328,-107.5918759,24.4,-40.49999996471382
134.6722341,-100.2919786,14.8,-40.49999996471382
148.7033174,-77.98983909,38.0,-31.49999992917151
147.031322,-80.71828761,38.0,-31.49999992917151
145.3593266,-83.44673614,28.4,-31.49999992917151
148.7033174,-77.98983909,34.8,-31.49999992917151
143.6873312,-86.17518467,34.8,-31.49999992917151
145.3593266,-83.44673614,34.8,-31.49999992917151
143.6873312,-86.17518467,38.0,-31.49999992917151
148.7033174,-77.98983909,28.4,-31.49999992917151
147.031322,-80.71828761,31.6,-31.49999992917151
143.6873312,-86.17518467,28.4,-31.49999992917151
147.031322,-80.71828761,34.8,-31.49999992917151
143.6873312,-86.17518467,31.6,-31.49999992917151
145.3593266,-83.44673614,38.0,-31.49999992917151
145.3593266,-83.44673614,31.6,-31.49999992917151
148.7033174,-77.98983909,31.6,-31.49999992917151
147.031322,-80.71828761,28.4,-31.49999992917151
148.7033174,-77.98983909,41.2,-31.49999992917151
147.031322,-80.71828761,41.2,-31.49999992917151
148.7033174,-77.98983909,44.4,-31.49999992917151
147.031322,-80.71828761,44.4,-31.49999992917151
148.7033174,-77.98983909,50.8,-31.49999992917151
148.7033174,-77.98983909,47.6,-31.49999992917151
147.031322,-80.71828761,50.8,-31.49999992917151
147.031322,-80.71828761,47.6,-31.49999992917151
145.3593266,-83.44673614,41.2,-31.49999992917151
145.3593266,-83.44673614,47.6,-31.49999992917151
145.3593266,-83.44673614,44.4,-31.49999992917151
142.0153358,-88.90363319,38.0,-31.49999992917151
145.3593266,-83.44673614,50.8,-31.49999992917151
143.6873312,-86.17518467,41.2,-31.49999992917151
143.6873312,-86.17518467,50.8,-31.49999992917151
143.6873312,-86.17518467,47.6,-31.49999992917151
143.6873312,-86.17518467,44.4,-31.49999992917151
142.0153358,-88.90363319,41.2,-31.49999992917151
142.0153358,-88.90363319,44.4,-31.49999992917151
142.0153358,-88.90363319,50.8,-31.49999992917151
142.0153358,-88.90363319,47.6,-31.49999992917151
140.3433404,-91.63208172,50.8,-31.49999992917151
142.0153358,-88.90363319,34.8,-31.49999992917151
140.3433404,-91.63208172,47.6,-31.49999992917151
140.3433404,-91.63208172,44.4,-31.49999992917151
140.3433404,-91.63208172,41.2,-31.49999992917151
138.671345,-94.36053025,47.6,-31.49999992917151
138.671345,-94.36053025,50.8,-31.49999992917151
136.9993496,-97.08897877,50.8,-31.49999992917151
138.671345,-94.36053025,41.2,-31.49999992917151
136.9993496,-97.08897877,47.6,-31.49999992917151
138.671345,-94.36053025,44.4,-31.49999992917151
136.9993496,-97.08897877,41.2,-31.49999992917151
136.9993496,-97.08897877,44.4,-31.49999992917151
140.3433404,-91.63208172,31.6,-31.49999992917151
138.671345,-94.36053025,31.6,-31.49999992917151
138.671345,-94.36053025,28.4,-31.49999992917151
138.671345,-94.36053025,38.0,-31.49999992917151
138.671345,-94.36053025,34.8,-31.49999992917151
136.9993496,-97.08897877,31.6,-31.49999992917151
136.9993496,-97.08897877,28.4,-31.49999992917151
140.3433404,-91.63208172,28.4,-31.49999992917151
142.0153358,-88.90363319,28.4,-31.49999992917151
140.3433404,-91.63208172,38.0,-31.49999992917151
136.9993496,-97.08897877,34.8,-31.49999992917151
140.3433404,-91.63208172,34.8,-31.49999992917151
142.0153358,-88.90363319,31.6,-31.49999992917151
136.9993496,-97.08897877,38.0,-31.49999992917151
136.9993496,-97.08897877,14.8,-31.49999992917151
138.671345,-94.36053025,14.8,-31.49999992917151
142.0153358,-88.90363319,18.0,-31.49999992917151
138.671345,-94.36053025,18.0,-31.49999992917151
142.0153358,-88.90363319,14.8,-31.49999992917151
136.9993496,-97.08897877,21.2,-31.49999992917151
140.3433404,-91.63208172,21.2,-31.49999992917151
136.9993496,-97.08897877,24.4,-31.49999992917151
138.671345,-94.36053025,21.2,-31.49999992917151
143.6873312,-86.17518467,14.8,-31.49999992917151
136.9993496,-97.08897877,18.0,-31.49999992917151
143.6873312,-86.17518467,18.0,-31.49999992917151
140.3433404,-91.63208172,14.8,-31.49999992917151
140.3433404,-91.63208172,24.4,-31.49999992917151
140.3433404,-91.63208172,18.0,-31.49999992917151
138.671345,-94.36053025,24.4,-31.49999992917151
136.9993496,-97.08897877,11.6,-31.49999992917151
136.9993496,-97.08897877,5.2,-31.49999992917151
136.9993496,-97.08897877,8.4,-31.49999992917151
136.9993496,-97.08897877,2.0,-31.49999992917151
138.671345,-94.36053025,8.4,-31.49999992917151
138.671345,-94.36053025,11.6,-31.49999992917151
138.671345,-94.36053025,5.2,-31.49999992917151
138.671345,-94.36053025,2.0,-31.49999992917151
140.3433404,-91.63208172,11.6,-31.49999992917151
140.3433404,-91.63208172,5.2,-31.49999992917151
140.3433404,-91.63208172,8.4,-31.49999992917151
142.0153358,-88.90363319,21.2,-31.49999992917151
140.3433404,-91.63208172,2.0,-31.49999992917151
142.0153358,-88.90363319,2.0,-31.49999992917151
142.0153358,-88.90363319,5.2,-31.49999992917151
142.0153358,-88.90363319,11.6,-31.49999992917151
142.0153358,-88.90363319,8.4,-31.49999992917151
143.6873312,-86.17518467,8.4,-31.49999992917151
143.6873312,-86.17518467,5.2,-31.49999992917151
143.6873312,-86.17518467,11.6,-31.49999992917151
143.6873312,-86.17518467,2.0,-31.49999992917151
145.3593266,-83.44673614,2.0,-31.49999992917151
142.0153358,-88.90363319,24.4,-31.49999992917151
145.3593266,-83.44673614,5.2,-31.49999992917151
147.031322,-80.71828761,2.0,-31.49999992917151
145.3593266,-83.44673614,8.4,-31.49999992917151
147.031322,-80.71828761,5.2,-31.49999992917151
145.3593266,-83.44673614,11.6,-31.49999992917151
148.7033174,-77.98983909,2.0,-31.49999992917151
147.031322,-80.71828761,8.4,-31.49999992917151
148.7033174,-77.98983909,5.2,-31.49999992917151
147.031322,-80.71828761,11.6,-31.49999992917151
148.7033174,-77.98983909,8.4,-31.49999992917151
148.7033174,-77.98983909,11.6,-31.49999992917151
145.3593266,-83.44673614,24.4,-31.49999992917151
147.031322,-80.71828761,18.0,-31.49999992917151
147.031322,-80.71828761,24.4,-31.49999992917151
147.031322,-80.71828761,14.8,-31.49999992917151
147.031322,-80.71828761,21.2,-31.49999992917151
148.7033174,-77.98983909,21.2,-31.49999992917151
148.7033174,-77.98983909,24.4,-31.49999992917151
145.3593266,-83.44673614,21.2,-31.49999992917151
143.6873312,-86.17518467,21.2,-31.49999992917151
145.3593266,-83.44673614,14.8,-31.49999992917151
148.7033174,-77.98983909,18.0,-31.49999992917151
145.3593266,-83.44673614,18.0,-31.49999992917151
143.6873312,-86.17518467,24.4,-31.49999992917151
148.7033174,-77.98983909,14.8,-31.49999992917151
159.0728316,-53.76733087,38.0,-22.49999992682932
157.8482446,-56.72374537,38.0,-22.49999992682932
156.6236576,-59.68015988,28.4,-22.49999992682932
159.0728316,-53.76733087,34.8,-22.49999992682932
155.3990706,-62.63657438,34.8,-22.49999992682932
156.6236576,-59.68015988,34.8,-22.49999992682932
155.3990706,-62.63657438,38.0,-22.49999992682932
159.0728316,-53.76733087,28.4,-22.49999992682932
157.8482446,-56.72374537,31.6,-22.49999992682932
155.3990706,-62.63657438,28.4,-22.49999992682932
157.8482446,-56.72374537,34.8,-22.49999992682932
155.3990706,-62.63657438,31.6,-22.49999992682932
156.6236576,-59.68015988,38.0,-22.49999992682932
156.6236576,-59.68015988,31.6,-22.49999992682932
159.0728316,-53.76733087,31.6,-22.49999992682932
157.8482446,-56.72374537,28.4,-22.49999992682932
159.0728316,-53.76733087,41.2,-22.49999992682932
157.8482446,-56.72374537,41.2,-22.49999992682932
159.0728316,-53.76733087,44.4,-22.49999992682932
157.8482446,-56.72374537,44.4,-22.49999992682932
159.0728316,-53.76733087,50.8,-22.49999992682932
159.0728316,-53.76733087,47.6,-22.49999992682932
157.8482446,-56.72374537,50.8,-22.49999992682932
157.8482446,-56.72374537,47.6,-22.49999992682932
156.6236576,-59.68015988,41.2,-22.49999992682932
156.6236576,-59.68015988,47.6,-22.49999992682932
156.6236576,-59.68015988,44.4,-22.49999992682932
154.1744836,-65.59298889,38.0,-22.49999992682932
156.6236576,-59.68015988,50.8,-22.49999992682932
155.3990706,-62.63657438,41.2,-22.49999992682932
155.3990706,-62.63657438,50.8,-22.49999992682932
155.3990706,-62.63657438,47.6,-22.49999992682932
155.3990706,-62.63657438,44.4,-22.49999992682932
154.1744836,-65.59298889,41.2,-22.49999992682932
154.1744836,-65.59298889,44.4,-22.49999992682932
154.1744836,-65.59298889,50.8,-22.49999992682932
154.1744836,-65.59298889,47.6,-22.49999992682932
152.9498967,-68.54940339,50.8,-22.49999992682932
154.1744836,-65.59298889,34.8,-22.49999992682932
152.9498967,-68.54940339,47.6,-22.49999992682932
152.9498967,-68.54940339,44.4,-22.49999992682932
152.9498967,-68.54940339,41.2,-22.49999992682932
151.7253097,-71.50581789,47.6,-22.49999992682932
151.7253097,-71.50581789,50.8,-22.49999992682932
150.5007227,-74.4622324,50.8,-22.49999992682932
151.7253097,-71.50581789,41.2,-22.49999992682932
150.5007227,-74.4622324,47.6,-22.49999992682932
151.7253097,-71.50581789,44.4,-22.49999992682932
150.5007227,-74.4622324,41.2,-22.49999992682932
150.5007227,-74.4622324,44.4,-22.49999992682932
152.9498967,-68.54940339,31.6,-22.49999992682932
151.7253097,-71.50581789,31.6,-22.49999992682932
151.7253097,-71.50581789,28.4,-22.49999992682932
151.7253097,-71.50581789,38.0,-22.49999992682932
151.7253097,-71.50581789,34.8,-22.49999992682932
150.5007227,-74.4622324,31.6,-22.49999992682932
150.5007227,-74.4622324,28.4,-22.49999992682932
152.9498967,-68.54940339,28.4,-22.49999992682932
154.1744836,-65.59298889,28.4,-22.49999992682932
152.9498967,-68.54940339,38.0,-22.49999992682932
150.5007227,-74.4622324,34.8,-22.49999992682932
152.9498967,-68.54940339,34.8,-22.49999992682932
154.1744836,-65.59298889,31.6,-22.49999992682932
150.5007227,-74.4622324,38.0,-22.49999992682932
150.5007227,-74.4622324,14.8,-22.49999992682932
151.7253097,-71.50581789,14.8,-22.49999992682932
154.1744836,-65.59298889,18.0,-22.49999992682932
151.7253097,-71.50581789,18.0,-22.49999992682932
154.1744836,-65.59298889,14.8,-22.49999992682932
150.5007227,-74.4622324,21.2,-22.49999992682932
152.9498967,-68.54940339,21.2,-22.49999992682932
150.5007227,-74.4622324,24.4,-22.49999992682932
151.7253097,-71.50581789,21.2,-22.49999992682932
155.3990706,-62.63657438,14.8,-22.49999992682932
150.5007227,-74.4622324,18.0,-22.49999992682932
155.3990706,-62.63657438,18.0,-22.49999992682932
152.9498967,-68.54940339,14.8,-22.49999992682932
152.9498967,-68.54940339,24.4,-22.49999992682932
152.9498967,-68.54940339,18.0,-22.49999992682932
151.7253097,-71.50581789,24.4,-22.49999992682932
150.5007227,-74.4622324,11.6,-22.49999992682932
150.5007227,-74.4622324,5.2,-22.49999992682932
150.5007227,-74.4622324,8.4,-22.49999992682932
150.5007227,-74.4622324,2.0,-22.49999992682932
151.7253097,-71.50581789,8.4,-22.49999992682932
151.7253097,-71.50581789,11.6,-22.49999992682932
151.7253097,-71.50581789,5.2,-22.49999992682932
151.7253097,-71.50581789,2.0,-22.49999992682932
152.9498967,-68.54940339,11.6,-22.49999992682932
152.9498967,-68.54940339,5.2,-22.49999992682932
152.9498967,-68.54940339,8.4,-22.49999992682932
154.1744836,-65.59298889,21.2,-22.49999992682932
152.9498967,-68.54940339,2.0,-22.49999992682932
154.1744836,-65.59298889,2.0,-22.49999992682932
154.1744836,-65.59298889,5.2,-22.49999992682932
154.1744836,-65.59298889,11.6,-22.49999992682932
154.1744836,-65.59298889,8.4,-22.49999992682932
155.3990706,-62.63657438,8.4,-22.49999992682932
155.3990706,-62.63657438,5.2,-22.49999992682932
155.3990706,-62.63657438,11.6,-22.49999992682932
155.3990706,-62.63657438,2.0,-22.49999992682932
156.6236576,-59.68015988,2.0,-22.49999992682932
154.1744836,-65.59298889,24.4,-22.49999992682932
156.6236576,-59.68015988,5.2,-22.49999992682932
157.8482446,-56.72374537,2.0,-22.49999992682932
156.6236576,-59.68015988,8.4,-22.49999992682932
157.8482446,-56.72374537,5.2,-22.49999992682932
156.6236576,-59.68015988,11.6,-22.49999992682932
159.0728316,-53.76733087,2.0,-22.49999992682932
157.8482446,-56.72374537,8.4,-22.49999992682932
159.0728316,-53.76733087,5.2,-22.49999992682932
157.8482446,-56.72374537,11.6,-22.49999992682932
159.0728316,-53.76733087,8.4,-22.49999992682932
159.0728316,-53.76733087,11.6,-22.49999992682932
156.6236576,-59.68015988,24.4,-22.49999992682932
157.8482446,-56.72374537,18.0,-22.49999992682932
157.8482446,-56.72374537,24.4,-22.49999992682932
157.8482446,-56.72374537,14.8,-22.49999992682932
157.8482446,-56.72374537,21.2,-22.49999992682932
159.0728316,-53.76733087,21.2,-22.49999992682932
159.0728316,-53.76733087,24.4,-22.49999992682932
156.6236576,-59.68015988,21.2,-22.49999992682932
155.3990706,-62.63657438,21.2,-22.49999992682932
156.6236576,-59.68015988,14.8,-22.49999992682932
159.0728316,-53.76733087,18.0,-22.49999992682932
156.6236576,-59.68015988,18.0,-22.49999992682932
155.3990706,-62.63657438,24.4,-22.49999992682932
159.0728316,-53.76733087,14.8,-22.49999992682932
159.0728316,-53.76733087,-14.8,-22.49999992682932
157.8482446,-56.72374537,-14.8,-22.49999992682932
156.6236576,-59.68015988,-24.4,-22.49999992682932
159.0728316,-53.76733087,-18.0,-22.49999992682932
155.3990706,-62.63657438,-18.0,-22.49999992682932
156.6236576,-59.68015988,-18.0,-22.49999992682932
155.3990706,-62.63657438,-14.8,-22.49999992682932
159.0728316,-53.76733087,-24.4,-22.49999992682932
157.8482446,-56.72374537,-21.2,-22.49999992682932
155.3990706,-62.63657438,-24.4,-22.49999992682932
157.8482446,-56.72374537,-18.0,-22.49999992682932
155.3990706,-62.63657438,-21.2,-22.49999992682932
156.6236576,-59.68015988,-14.8,-22.49999992682932
156.6236576,-59.68015988,-21.2,-22.49999992682932
159.0728316,-53.76733087,-21.2,-22.49999992682932
157.8482446,-56.72374537,-24.4,-22.49999992682932
159.0728316,-53.76733087,-11.6,-22.49999992682932
157.8482446,-56.72374537,-11.6,-22.49999992682932
159.0728316,-53.76733087,-8.4,-22.49999992682932
157.8482446,-56.72374537,-8.4,-22.49999992682932
159.0728316,-53.76733087,-2.0,-22.49999992682932
159.0728316,-53.76733087,-5.2,-22.49999992682932
157.8482446,-56.72374537,-2.0,-22.49999992682932
157.8482446,-56.72374537,-5.2,-22.49999992682932
156.6236576,-59.68015988,-11.6,-22.49999992682932
156.6236576,-59.68015988,-5.2,-22.49999992682932
156.6236576,-59.68015988,-8.4,-22.49999992682932
154.1744836,-65.59298889,-14.8,-22.49999992682932
156.6236576,-59.68015988,-2.0,-22.49999992682932
155.3990706,-62.63657438,-11.6,-22.49999992682932
155.3990706,-62.63657438,-2.0,-22.49999992682932
155.3990706,-62.63657438,-5.2,-22.49999992682932
155.3990706,-62.63657438,-8.4,-22.49999992682932
154.1744836,-65.59298889,-11.6,-22.49999992682932
154.1744836,-65.59298889,-8.4,-22.49999992682932
154.1744836,-65.59298889,-2.0,-22.49999992682932
154.1744836,-65.59298889,-5.2,-22.49999992682932
152.9498967,-68.54940339,-2.0,-22.49999992682932
154.1744836,-65.59298889,-18.0,-22.49999992682932
152.9498967,-68.54940339,-5.2,-22.49999992682932
152.9498967,-68.54940339,-8.4,-22.49999992682932
152.9498967,-68.54940339,-11.6,-22.49999992682932
151.7253097,-71.50581789,-5.2,-22.49999992682932
151.7253097,-71.50581789,-2.0,-22.49999992682932
150.5007227,-74.4622324,-2.0,-22.49999992682932
151.7253097,-71.50581789,-11.6,-22.49999992682932
150.5007227,-74.4622324,-5.2,-22.49999992682932
151.7253097,-71.50581789,-8.4,-22.49999992682932
150.5007227,-74.4622324,-11.6,-22.49999992682932
150.5007227,-74.4622324,-8.4,-22.49999992682932
152.9498967,-68.54940339,-21.2,-22.49999992682932
151.7253097,-71.50581789,-21.2,-22.49999992682932
151.7253097,-71.50581789,-24.4,-22.49999992682932
151.7253097,-71.50581789,-14.8,-22.49999992682932
151.7253097,-71.50581789,-18.0,-22.49999992682932
150.5007227,-74.4622324,-21.2,-22.49999992682932
150.5007227,-74.4622324,-24.4,-22.49999992682932
152.9498967,-68.54940339,-24.4,-22.49999992682932
154.1744836,-65.59298889,-24.4,-22.49999992682932
152.9498967,-68.54940339,-14.8,-22.49999992682932
150.5007227,-74.4622324,-18.0,-22.49999992682932
152.9498967,-68.54940339,-18.0,-22.49999992682932
154.1744836,-65.59298889,-21.2,-22.49999992682932
150.5007227,-74.4622324,-14.8,-22.49999992682932
150.5007227,-74.4622324,-38.0,-22.49999992682932
151.7253097,-71.50581789,-38.0,-22.49999992682932
154.1744836,-65.59298889,-34.8,-22.49999992682932
151.7253097,-71.50581789,-34.8,-22.49999992682932
154.1744836,-65.59298889,-38.0,-22.49999992682932
150.5007227,-74.4622324,-31.6,-22.49999992682932
152.9498967,-68.54940339,-31.6,-22.49999992682932
150.5007227,-74.4622324,-28.4,-22.49999992682932
151.7253097,-71.50581789,-31.6,-22.49999992682932
155.3990706,-62.63657438,-38.0,-22.49999992682932
150.5007227,-74.4622324,-34.8,-22.49999992682932
155.3990706,-62.63657438,-34.8,-22.49999992682932
152.9498967,-68.54940339,-38.0,-22.49999992682932
152.9498967,-68.54940339,-28.4,-22.49999992682932
152.9498967,-68.54940339,-34.8,-22.49999992682932
151.7253097,-71.50581789,-28.4,-22.49999992682932
150.5007227,-74.4622324,-41.2,-22.49999992682932
150.5007227,-74.4622324,-47.6,-22.49999992682932
150.5007227,-74.4622324,-44.4,-22.49999992682932
150.5007227,-74.4622324,-50.8,-22.49999992682932
151.7253097,-71.50581789,-44.4,-22.49999992682932
151.7253097,-71.50581789,-41.2,-22.49999992682932
151.7253097,-71.50581789,-47.6,-22.49999992682932
151.7253097,-71.50581789,-50.8,-22.49999992682932
152.9498967,-68.54940339,-41.2,-22.49999992682932
152.9498967,-68.54940339,-47.6,-22.49999992682932
152.9498967,-68.54940339,-44.4,-22.49999992682932
154.1744836,-65.59298889,-31.6,-22.49999992682932
152.9498967,-68.54940339,-50.8,-22.49999992682932
154.1744836,-65.59298889,-50.8,-22.49999992682932
154.1744836,-65.59298889,-47.6,-22.49999992682932
154.1744836,-65.59298889,-41.2,-22.49999992682932
154.1744836,-65.59298889,-44.4,-22.49999992682932
155.3990706,-62.63657438,-44.4,-22.49999992682932
155.3990706,-62.63657438,-47.6,-22.49999992682932
155.3990706,-62.63657438,-41.2,-22.49999992682932
155.3990706,-62.63657438,-50.8,-22.49999992682932
156.6236576,-59.68015988,-50.8,-22.49999992682932
154.1744836,-65.59298889,-28.4,-22.49999992682932
156.6236576,-59.68015988,-47.6,-22.49999992682932
157.8482446,-56.72374537,-50.8,-22.49999992682932
156.6236576,-59.68015988,-44.4,-22.49999992682932
157.8482446,-56.72374537,-47.6,-22.49999992682932
156.6236576,-59.68015988,-41.2,-22.49999992682932
159.0728316,-53.76733087,-50.8,-22.49999992682932
157.8482446,-56.72374537,-44.4,-22.49999992682932
159.0728316,-53.76733087,-47.6,-22.49999992682932
157.8482446,-56.72374537,-41.2,-22.49999992682932
159.0728316,-53.76733087,-44.4,-22.49999992682932
159.0728316,-53.76733087,-41.2,-22.49999992682932
156.6236576,-59.68015988,-28.4,-22.49999992682932
157.8482446,-56.72374537,-34.8,-22.49999992682932
157.8482446,-56.72374537,-28.4,-22.49999992682932
157.8482446,-56.72374537,-38.0,-22.49999992682932
157.8482446,-56.72374537,-31.6,-22.49999992682932
159.0728316,-53.76733087,-31.6,-22.49999992682932
159.0728316,-53.76733087,-28.4,-22.49999992682932
156.6236576,-59.68015988,-31.6,-22.49999992682932
155.3990706,-62.63657438,-31.6,-22.49999992682932
156.6236576,-59.68015988,-38.0,-22.49999992682932
159.0728316,-53.76733087,-34.8,-22.49999992682932
156.6236576,-59.68015988,-34.8,-22.49999992682932
155.3990706,-62.63657438,-28.4,-22.49999992682932
159.0728316,-53.76733087,-38.0,-22.49999992682932
148.7033174,-77.98983909,-14.8,-31.49999992917151
147.031322,-80.71828761,-14.8,-31.49999992917151
145.3593266,-83.44673614,-24.4,-31.49999992917151
148.7033174,-77.98983909,-18.0,-31.49999992917151
143.6873312,-86.17518467,-18.0,-31.49999992917151
145.3593266,-83.44673614,-18.0,-31.49999992917151
143.6873312,-86.17518467,-14.8,-31.49999992917151
148.7033174,-77.98983909,-24.4,-31.49999992917151
147.031322,-80.71828761,-21.2,-31.49999992917151
143.6873312,-86.17518467,-24.4,-31.49999992917151
147.031322,-80.71828761,-18.0,-31.49999992917151
143.6873312,-86.17518467,-21.2,-31.49999992917151
145.3593266,-83.44673614,-14.8,-31.49999992917151
145.3593266,-83.44673614,-21.2,-31.49999992917151
148.7033174,-77.98983909,-21.2,-31.49999992917151
147.031322,-80.71828761,-24.4,-31.49999992917151
148.7033174,-77.98983909,-11.6,-31.49999992917151
147.031322,-80.71828761,-11.6,-31.49999992917151
148.7033174,-77.98983909,-8.4,-31.49999992917151
147.031322,-80.71828761,-8.4,-31.49999992917151
148.7033174,-77.98983909,-2.0,-31.49999992917151
148.7033174,-77.98983909,-5.2,-31.49999992917151
147.031322,-80.71828761,-2.0,-31.49999992917151
147.031322,-80.71828761,-5.2,-31.49999992917151
145.3593266,-83.44673614,-11.6,-31.49999992917151
145.3593266,-83.44673614,-5.2,-31.49999992917151
145.3593266,-83.44673614,-8.4,-31.49999992917151
142.0153358,-88.90363319,-14.8,-31.49999992917151
145.3593266,-83.44673614,-2.0,-31.49999992917151
143.6873312,-86.17518467,-11.6,-31.49999992917151
143.6873312,-86.17518467,-2.0,-31.49999992917151
143.6873312,-86.17518467,-5.2,-31.49999992917151
143.6873312,-86.17518467,-8.4,-31.49999992917151
142.0153358,-88.90363319,-11.6,-31.49999992917151
142.0153358,-88.90363319,-8.4,-31.49999992917151
142.0153358,-88.90363319,-2.0,-31.49999992917151
142.0153358,-88.90363319,-5.2,-31.49999992917151
140.3433404,-91.63208172,-2.0,-31.49999992917151
142.0153358,-88.90363319,-18.0,-31.49999992917151
140.3433404,-91.63208172,-5.2,-31.49999992917151
140.3433404,-91.63208172,-8.4,-31.49999992917151
140.3433404,-91.63208172,-11.6,-31.49999992917151
138.671345,-94.36053025,-5.2,-31.49999992917151
138.671345,-94.36053025,-2.0,-31.49999992917151
136.9993496,-97.08897877,-2.0,-31.49999992917151
138.671345,-94.36053025,-11.6,-31.49999992917151
136.9993496,-97.08897877,-5.2,-31.49999992917151
138.671345,-94.36053025,-8.4,-31.49999992917151
136.9993496,-97.08897877,-11.6,-31.49999992917151
136.9993496,-97.08897877,-8.4,-31.49999992917151
140.3433404,-91.63208172,-21.2,-31.49999992917151
138.671345,-94.36053025,-21.2,-31.49999992917151
138.671345,-94.36053025,-24.4,-31.49999992917151
138.671345,-94.36053025,-14.8,-31.49999992917151
138.671345,-94.36053025,-18.0,-31.49999992917151
136.9993496,-97.08897877,-21.2,-31.49999992917151
136.9993496,-97.08897877,-24.4,-31.49999992917151
140.3433404,-91.63208172,-24.4,-31.49999992917151
142.0153358,-88.90363319,-24.4,-31.49999992917151
140.3433404,-91.63208172,-14.8,-31.49999992917151
136.9993496,-97.08897877,-18.0,-31.49999992917151
140.3433404,-91.63208172,-18.0,-31.49999992917151
142.0153358,-88.90363319,-21.2,-31.49999992917151
136.9993496,-97.08897877,-14.8,-31.49999992917151
136.9993496,-97.08897877,-38.0,-31.49999992917151
138.671345,-94.36053025,-38.0,-31.49999992917151
142.0153358,-88.90363319,-34.8,-31.49999992917151
138.671345,-94.36053025,-34.8,-31.49999992917151
142.0153358,-88.90363319,-38.0,-31.49999992917151
136.9993496,-97.08897877,-31.6,-31.49999992917151
140.3433404,-91.63208172,-31.6,-31.49999992917151
136.9993496,-97.08897877,-28.4,-31.49999992917151
138.671345,-94.36053025,-31.6,-31.49999992917151
143.6873312,-86.17518467,-38.0,-31.49999992917151
136.9993496,-97.08897877,-34.8,-31.49999992917151
143.6873312,-86.17518467,-34.8,-31.49999992917151
140.3433404,-91.63208172,-38.0,-31.49999992917151
140.3433404,-91.63208172,-28.4,-31.49999992917151
140.3433404,-91.63208172,-34.8,-31.49999992917151
138.671345,-94.36053025,-28.4,-31.49999992917151
136.9993496,-97.08897877,-41.2,-31.49999992917151
136.9993496,-97.08897877,-47.6,-31.49999992917151
136.9993496,-97.08897877,-44.4,-31.49999992917151
136.9993496,-97.08897877,-50.8,-31.49999992917151
138.671345,-94.36053025,-44.4,-31.49999992917151
138.671345,-94.36053025,-41.2,-31.49999992917151
138.671345,-94.36053025,-47.6,-31.49999992917151
138.671345,-94.36053025,-50.8,-31.49999992917151
140.3433404,-91.63208172,-41.2,-31.49999992917151
140.3433404,-91.63208172,-47.6,-31.49999992917151
140.3433404,-91.63208172,-44.4,-31.49999992917151
142.0153358,-88.90363319,-31.6,-31.49999992917151
140.3433404,-91.63208172,-50.8,-31.49999992917151
142.0153358,-88.90363319,-50.8,-31.49999992917151
142.0153358,-88.90363319,-47.6,-31.49999992917151
142.0153358,-88.90363319,-41.2,-31.49999992917151
142.0153358,-88.90363319,-44.4,-31.49999992917151
143.6873312,-86.17518467,-44.4,-31.49999992917151
143.6873312,-86.17518467,-47.6,-31.49999992917151
143.6873312,-86.17518467,-41.2,-31.49999992917151
143.6873312,-86.17518467,-50.8,-31.49999992917151
145.3593266,-83.44673614,-50.8,-31.49999992917151
142.0153358,-88.90363319,-28.4,-31.49999992917151
145.3593266,-83.44673614,-47.6,-31.49999992917151
147.031322,-80.71828761,-50.8,-31.49999992917151
145.3593266,-83.44673614,-44.4,-31.49999992917151
147.031322,-80.71828761,-47.6,-31.49999992917151
145.3593266,-83.44673614,-41.2,-31.49999992917151
148.7033174,-77.98983909,-50.8,-31.49999992917151
147.031322,-80.71828761,-44.4,-31.49999992917151
148.7033174,-77.98983909,-47.6,-31.49999992917151
147.031322,-80.71828761,-41.2,-31.49999992917151
148.7033174,-77.98983909,-44.4,-31.49999992917151
148.7033174,-77.98983909,-41.2,-31.49999992917151
145.3593266,-83.44673614,-28.4,-31.49999992917151
147.031322,-80.71828761,-34.8,-31.49999992917151
147.031322,-80.71828761,-28.4,-31.49999992917151
147.031322,-80.71828761,-38.0,-31.49999992917151
147.031322,-80.71828761,-31.6,-31.49999992917151
148.7033174,-77.98983909,-31.6,-31.49999992917151
148.7033174,-77.98983909,-28.4,-31.49999992917151
145.3593266,-83.44673614,-31.6,-31.49999992917151
143.6873312,-86.17518467,-31.6,-31.49999992917151
145.3593266,-83.44673614,-38.0,-31.49999992917151
148.7033174,-77.98983909,-34.8,-31.49999992917151
145.3593266,-83.44673614,-34.8,-31.49999992917151
143.6873312,-86.17518467,-28.4,-31.49999992917151
148.7033174,-77.98983909,-38.0,-31.49999992917151
134.6722341,-100.2919786,-14.8,-40.49999996471382
132.5940003,-102.7252777,-14.8,-40.49999996471382
130.5157666,-105.1585768,-24.4,-40.49999996471382
134.6722341,-100.2919786,-18.0,-40.49999996471382
128.4375328,-107.5918759,-18.0,-40.49999996471382
130.5157666,-105.1585768,-18.0,-40.49999996471382
128.4375328,-107.5918759,-14.8,-40.49999996471382
134.6722341,-100.2919786,-24.4,-40.49999996471382
132.5940003,-102.7252777,-21.2,-40.49999996471382
128.4375328,-107.5918759,-24.4,-40.49999996471382
132.5940003,-102.7252777,-18.0,-40.49999996471382
128.4375328,-107.5918759,-21.2,-40.49999996471382
130.5157666,-105.1585768,-14.8,-40.49999996471382
130.5157666,-105.1585768,-21.2,-40.49999996471382
134.6722341,-100.2919786,-21.2,-40.49999996471382
132.5940003,-102.7252777,-24.4,-40.49999996471382
134.6722341,-100.2919786,-11.6,-40.49999996471382
132.5940003,-102.7252777,-11.6,-40.49999996471382
134.6722341,-100.2919786,-8.4,-40.49999996471382
132.5940003,-102.7252777,-8.4,-40.49999996471382
134.6722341,-100.2919786,-2.0,-40.49999996471382
134.6722341,-100.2919786,-5.2,-40.49999996471382
132.5940003,-102.7252777,-2.0,-40.49999996471382
132.5940003,-102.7252777,-5.2,-40.49999996471382
130.5157666,-105.1585768,-11.6,-40.49999996471382
130.5157666,-105.1585768,-5.2,-40.49999996471382
130.5157666,-105.1585768,-8.4,-40.49999996471382
126.3592991,-110.025175,-14.8,-40.49999996471382
130.5157666,-105.1585768,-2.0,-40.49999996471382
128.4375328,-107.5918759,-11.6,-40.49999996471382
128.4375328,-107.5918759,-2.0,-40.49999996471382
128.4375328,-107.5918759,-5.2,-40.49999996471382
128.4375328,-107.5918759,-8.4,-40.49999996471382
126.3592991,-110.025175,-11.6,-40.49999996471382
126.3592991,-110.025175,-8.4,-40.49999996471382
126.3592991,-110.025175,-2.0,-40.49999996471382
126.3592991,-110.025175,-5.2,-40.49999996471382
124.2810653,-112.4584741,-2.0,-40.49999996471382
126.3592991,-110.025175,-18.0,-40.49999996471382
124.2810653,-112.4584741,-5.2,-40.49999996471382
124.2810653,-112.4584741,-8.4,-40.49999996471382
124.2810653,-112.4584741,-11.6,-40.49999996471382
122.2028316,-114.8917732,-5.2,-40.49999996471382
122.2028316,-114.8917732,-2.0,-40.49999996471382
120.1245978,-117.3250723,-2.0,-40.49999996471382
122.2028316,-114.8917732,-11.6,-40.49999996471382
120.1245978,-117.3250723,-5.2,-40.49999996471382
122.2028316,-114.8917732,-8.4,-40.49999996471382
120.1245978,-117.3250723,-11.6,-40.49999996471382
120.1245978,-117.3250723,-8.4,-40.49999996471382
124.2810653,-112.4584741,-21.2,-40.49999996471382
122.2028316,-114.8917732,-21.2,-40.49999996471382
122.2028316,-114.8917732,-24.4,-40.49999996471382
122.2028316,-114.8917732,-14.8,-40.49999996471382
122.2028316,-114.8917732,-18.0,-40.49999996471382
120.1245978,-117.3250723,-21.2,-40.49999996471382
120.1245978,-117.3250723,-24.4,-40.49999996471382
124.2810653,-112.4584741,-24.4,-40.49999996471382
126.3592991,-110.025175,-24.4,-40.49999996471382
124.2810653,-112.4584741,-14.8,-40.49999996471382
120.1245978,-117.3250723,-18.0,-40.49999996471382
124.2810653,-112.4584741,-18.0,-40.49999996471382
126.3592991,-110.025175,-21.2,-40.49999996471382
120.1245978,-117.3250723,-14.8,-40.49999996471382
120.1245978,-117.3250723,-38.0,-40.49999996471382
122.2028316,-114.8917732,-38.0,-40.49999996471382
126.3592991,-110.025175,-34.8,-40.49999996471382
122.2028316,-114.8917732,-34.8,-40.49999996471382
126.3592991,-110.025175,-38.0,-40.49999996471382
120.1245978,-117.3250723,-31.6,-40.49999996471382
124.2810653,-112.4584741,-31.6,-40.49999996471382
120.1245978,-117.3250723,-28.4,-40.49999996471382
122.2028316,-114.8917732,-31.6,-40.49999996471382
128.4375328,-107.5918759,-38.0,-40.49999996471382
120.1245978,-117.3250723,-34.8,-40.49999996471382
128.4375328,-107.5918759,-34.8,-40.49999996471382
124.2810653,-112.4584741,-38.0,-40.49999996471382
124.2810653,-112.4584741,-28.4,-40.49999996471382
124.2810653,-112.4584741,-34.8,-40.49999996471382
122.2028316,-114.8917732,-28.4,-40.49999996471382
120.1245978,-117.3250723,-41.2,-40.49999996471382
120.1245978,-117.3250723,-47.6,-40.49999996471382
120.1245978,-117.3250723,-44.4,-40.49999996471382
120.1245978,-117.3250723,-50.8,-40.49999996471382
122.2028316,-114.8917732,-44.4,-40.49999996471382
122.2028316,-114.8917732,-41.2,-40.49999996471382
122.2028316,-114.8917732,-47.6,-40.49999996471382
122.2028316,-114.8917732,-50.8,-40.49999996471382
124.2810653,-112.4584741,-41.2,-40.49999996471382
124.2810653,-112.4584741,-47.6,-40.49999996471382
124.2810653,-112.4584741,-44.4,-40.49999996471382
126.3592991,-110.025175,-31.6,-40.49999996471382
124.2810653,-112.4584741,-50.8,-40.49999996471382
126.3592991,-110.025175,-50.8,-40.49999996471382
126.3592991,-110.025175,-47.6,-40.49999996471382
126.3592991,-110.025175,-41.2,-40.49999996471382
126.3592991,-110.025175,-44.4,-40.49999996471382
128.4375328,-107.5918759,-44.4,-40.49999996471382
128.4375328,-107.5918759,-47.6,-40.49999996471382
128.4375328,-107.5918759,-41.2,-40.49999996471382
128.4375328,-107.5918759,-50.8,-40.49999996471382
130.5157666,-105.1585768,-50.8,-40.49999996471382
126.3592991,-110.025175,-28.4,-40.49999996471382
130.5157666,-105.1585768,-47.6,-40.49999996471382
132.5940003,-102.7252777,-50.8,-40.49999996471382
130.5157666,-105.1585768,-44.4,-40.49999996471382
132.5940003,-102.7252777,-47.6,-40.49999996471382
130.5157666,-105.1585768,-41.2,-40.49999996471382
134.6722341,-100.2919786,-50.8,-40.49999996471382
132.5940003,-102.7252777,-44.4,-40.49999996471382
134.6722341,-100.2919786,-47.6,-40.49999996471382
132.5940003,-102.7252777,-41.2,-40.49999996471382
134.6722341,-100.2919786,-44.4,-40.49999996471382
134.6722341,-100.2919786,-41.2,-40.49999996471382
130.5157666,-105.1585768,-28.4,-40.49999996471382
132.5940003,-102.7252777,-34.8,-40.49999996471382
132.5940003,-102.7252777,-28.4,-40.49999996471382
132.5940003,-102.7252777,-38.0,-40.49999996471382
132.5940003,-102.7252777,-31.6,-40.49999996471382
134.6722341,-100.2919786,-31.6,-40.49999996471382
134.6722341,-100.2919786,-28.4,-40.49999996471382
130.5157666,-105.1585768,-31.6,-40.49999996471382
128.4375328,-107.5918759,-31.6,-40.49999996471382
130.5157666,-105.1585768,-38.0,-40.49999996471382
134.6722341,-100.2919786,-34.8,-40.49999996471382
130.5157666,-105.1585768,-34.8,-40.49999996471382
128.4375328,-107.5918759,-28.4,-40.49999996471382
134.6722341,-100.2919786,-38.0,-40.49999996471382
117.3250734,-120.1245968,-14.8,-49.49999994953006
114.8917743,-122.2028306,-14.8,-49.49999994953006
112.4584752,-124.2810643,-24.4,-49.49999994953006
117.3250734,-120.1245968,-18.0,-49.49999994953006
110.0251761,-126.3592981,-18.0,-49.49999994953006
112.4584752,-124.2810643,-18.0,-49.49999994953006
110.0251761,-126.3592981,-14.8,-49.49999994953006
117.3250734,-120.1245968,-24.4,-49.49999994953006
114.8917743,-122.2028306,-21.2,-49.49999994953006
110.0251761,-126.3592981,-24.4,-49.49999994953006
114.8917743,-122.2028306,-18.0,-49.49999994953006
110.0251761,-126.3592981,-21.2,-49.49999994953006
112.4584752,-124.2810643,-14.8,-49.49999994953006
112.4584752,-124.2810643,-21.2,-49.49999994953006
117.3250734,-120.1245968,-21.2,-49.49999994953006
114.8917743,-122.2028306,-24.4,-49.49999994953006
117.3250734,-120.1245968,-11.6,-49.49999994953006
114.8917743,-122.2028306,-11.6,-49.49999994953006
117.3250734,-120.1245968,-8.4,-49.49999994953006
114.8917743,-122.2028306,-8.4,-49.49999994953006
117.3250734,-120.1245968,-2.0,-49.49999994953006
117.3250734,-120.1245968,-5.2,-49.49999994953006
114.8917743,-122.2028306,-2.0,-49.49999994953006
114.8917743,-122.2028306,-5.2,-49.49999994953006
112.4584752,-124.2810643,-11.6,-49.49999994953006
112.4584752,-124.2810643,-5.2,-49.49999994953006
112.4584752,-124.2810643,-8.4,-49.49999994953006
107.5918771,-128.4375319,-14.8,-49.49999994953006
112.4584752,-124.2810643,-2.0,-49.49999994953006
110.0251761,-126.3592981,-11.6,-49.49999994953006
110.0251761,-126.3592981,-2.0,-49.49999994953006
110.0251761,-126.3592981,-5.2,-49.49999994953006
110.0251761,-126.3592981,-8.4,-49.49999994953006
107.5918771,-128.4375319,-11.6,-49.49999994953006
107.5918771,-128.4375319,-8.4,-49.49999994953006
107.5918771,-128.4375319,-2.0,-49.49999994953006
107.5918771,-128.4375319,-5.2,-49.49999994953006
105.158578,-130.5157656,-2.0,-49.49999994953006
107.5918771,-128.4375319,-18.0,-49.49999994953006
105.158578,-130.5157656,-5.2,-49.49999994953006
105.158578,-130.5157656,-8.4,-49.49999994953006
105.158578,-130.5157656,-11.6,-49.49999994953006
102.7252789,-132.5939994,-5.2,-49.49999994953006
102.7252789,-132.5939994,-2.0,-49.49999994953006
100.2919798,-134.6722331,-2.0,-49.49999994953006
102.7252789,-132.5939994,-11.6,-49.49999994953006
100.2919798,-134.6722331,-5.2,-49.49999994953006
102.7252789,-132.5939994,-8.4,-49.49999994953006
100.2919798,-134.6722331,-11.6,-49.49999994953006
100.2919798,-134.6722331,-8.4,-49.49999994953006
105.158578,-130.5157656,-21.2,-49.49999994953006
102.7252789,-132.5939994,-21.2,-49.49999994953006
102.7252789,-132.5939994,-24.4,-49.49999994953006
102.7252789,-132.5939994,-14.8,-49.49999994953006
102.7252789,-132.5939994,-18.0,-49.49999994953006
100.2919798,-134.6722331,-21.2,-49.49999994953006
100.2919798,-134.6722331,-24.4,-49.49999994953006
105.158578,-130.5157656,-24.4,-49.49999994953006
107.5918771,-128.4375319,-24.4,-49.49999994953006
105.158578,-130.5157656,-14.8,-49.49999994953006
100.2919798,-134.6722331,-18.0,-49.49999994953006
105.158578,-130.5157656,-18.0,-49.49999994953006
107.5918771,-128.4375319,-21.2,-49.49999994953006
100.2919798,-134.6722331,-14.8,-49.49999994953006
100.2919798,-134.6722331,-38.0,-49.49999994953006
102.7252789,-132.5939994,-38.0,-49.49999994953006
107.5918771,-128.4375319,-34.8,-49.49999994953006
102.7252789,-132.5939994,-34.8,-49.49999994953006
107.5918771,-128.4375319,-38.0,-49.49999994953006
100.2919798,-134.6722331,-31.6,-49.49999994953006
105.158578,-130.5157656,-31.6,-49.49999994953006
100.2919798,-134.6722331,-28.4,-49.49999994953006
102.7252789,-132.5939994,-31.6,-49.49999994953006
110.0251761,-126.3592981,-38.0,-49.49999994953006
100.2919798,-134.6722331,-34.8,-49.49999994953006
110.0251761,-126.3592981,-34.8,-49.49999994953006
105.158578,-130.5157656,-38.0,-49.49999994953006
105.158578,-130.5157656,-28.4,-49.49999994953006
105.158578,-130.5157656,-34.8,-49.49999994953006
102.7252789,-132.5939994,-28.4,-49.49999994953006
100.2919798,-134.6722331,-41.2,-49.49999994953006
100.2919798,-134.6722331,-47.6,-49.49999994953006
100.2919798,-134.6722331,-44.4,-49.49999994953006
100.2919798,-134.6722331,-50.8,-49.49999994953006
102.7252789,-132.5939994,-44.4,-49.49999994953006
102.7252789,-132.5939994,-41.2,-49.49999994953006
102.7252789,-132.5939994,-47.6,-49.49999994953006
102.7252789,-132.5939994,-50.8,-49.49999994953006
105.158578,-130.5157656,-41.2,-49.49999994953006
105.158578,-130.5157656,-47.6,-49.49999994953006
105.158578,-130.5157656,-44.4,-49.49999994953006
107.5918771,-128.4375319,-31.6,-49.49999994953006
105.158578,-130.5157656,-50.8,-49.49999994953006
107.5918771,-128.4375319,-50.8,-49.49999994953006
107.5918771,-128.4375319,-47.6,-49.49999994953006
107.5918771,-128.4375319,-41.2,-49.49999994953006
107.5918771,-128.4375319,-44.4,-49.49999994953006
110.0251761,-126.3592981,-44.4,-49.49999994953006
110.0251761,-126.3592981,-47.6,-49.49999994953006
110.0251761,-126.3592981,-41.2,-49.49999994953006
110.0251761,-126.3592981,-50.8,-49.49999994953006
112.4584752,-124.2810643,-50.8,-49.49999994953006
107.5918771,-128.4375319,-28.4,-49.49999994953006
112.4584752,-124.2810643,-47.6,-49.49999994953006
114.8917743,-122.2028306,-50.8,-49.49999994953006
112.4584752,-124.2810643,-44.4,-49.49999994953006
114.8917743,-122.2028306,-47.6,-49.49999994953006
112.4584752,-124.2810643,-41.2,-49.49999994953006
117.3250734,-120.1245968,-50.8,-49.49999994953006
114.8917743,-122.2028306,-44.4,-49.49999994953006
117.3250734,-120.1245968,-47.6,-49.49999994953006
114.8917743,-122.2028306,-41.2,-49.49999994953006
117.3250734,-120.1245968,-44.4,-49.49999994953006
117.3250734,-120.1245968,-41.2,-49.49999994953006
112.4584752,-124.2810643,-28.4,-49.49999994953006
114.8917743,-122.2028306,-34.8,-49.49999994953006
114.8917743,-122.2028306,-28.4,-49.49999994953006
114.8917743,-122.2028306,-38.0,-49.49999994953006
114.8917743,-122.2028306,-31.6,-49.49999994953006
117.3250734,-120.1245968,-31.6,-49.49999994953006
117.3250734,-120.1245968,-28.4,-49.49999994953006
112.4584752,-124.2810643,-31.6,-49.49999994953006
110.0251761,-126.3592981,-31.6,-49.49999994953006
112.4584752,-124.2810643,-38.0,-49.49999994953006
117.3250734,-120.1245968,-34.8,-49.49999994953006
112.4584752,-124.2810643,-34.8,-49.49999994953006
110.0251761,-126.3592981,-28.4,-49.49999994953006
117.3250734,-120.1245968,-38.0,-49.49999994953006
165.5254447,-28.22089252,38.0,-13.500000097603955
164.7784195,-31.33247627,38.0,-13.500000097603955
164.0313944,-34.44406001,28.4,-13.500000097603955
165.5254447,-28.22089252,34.8,-13.500000097603955
163.2843692,-37.55564376,34.8,-13.500000097603955
164.0313944,-34.44406001,34.8,-13.500000097603955
163.2843692,-37.55564376,38.0,-13.500000097603955
165.5254447,-28.22089252,28.4,-13.500000097603955
164.7784195,-31.33247627,31.6,-13.500000097603955
163.2843692,-37.55564376,28.4,-13.500000097603955
164.7784195,-31.33247627,34.8,-13.500000097603955
163.2843692,-37.55564376,31.6,-13.500000097603955
164.0313944,-34.44406001,38.0,-13.500000097603955
164.0313944,-34.44406001,31.6,-13.500000097603955
165.5254447,-28.22089252,31.6,-13.500000097603955
164.7784195,-31.33247627,28.4,-13.500000097603955
165.5254447,-28.22089252,41.2,-13.500000097603955
164.7784195,-31.33247627,41.2,-13.500000097603955
165.5254447,-28.22089252,44.4,-13.500000097603955
164.7784195,-31.33247627,44.4,-13.500000097603955
165.5254447,-28.22089252,50.8,-13.500000097603955
165.5254447,-28.22089252,47.6,-13.500000097603955
164.7784195,-31.33247627,50.8,-13.500000097603955
164.7784195,-31.33247627,47.6,-13.500000097603955
164.0313944,-34.44406001,41.2,-13.500000097603955
164.0313944,-34.44406001,47.6,-13.500000097603955
164.0313944,-34.44406001,44.4,-13.500000097603955
162.537344,-40.6672275,38.0,-13.500000097603955
164.0313944,-34.44406001,50.8,-13.500000097603955
163.2843692,-37.55564376,41.2,-13.500000097603955
163.2843692,-37.55564376,50.8,-13.500000097603955
163.2843692,-37.55564376,47.6,-13.500000097603955
163.2843692,-37.55564376,44.4,-13.500000097603955
162.537344,-40.6672275,41.2,-13.500000097603955
162.537344,-40.6672275,44.4,-13.500000097603955
162.537344,-40.6672275,50.8,-13.500000097603955
162.537344,-40.6672275,47.6,-13.500000097603955
161.7903189,-43.77881125,50.8,-13.500000097603955
162.537344,-40.6672275,34.8,-13.500000097603955
161.7903189,-43.77881125,47.6,-13.500000097603955
161.7903189,-43.77881125,44.4,-13.500000097603955
161.7903189,-43.77881125,41.2,-13.500000097603955
161.0432937,-46.890395,47.6,-13.500000097603955
161.0432937,-46.890395,50.8,-13.500000097603955
160.2962685,-50.00197874,50.8,-13.500000097603955
161.0432937,-46.890395,41.2,-13.500000097603955
160.2962685,-50.00197874,47.6,-13.500000097603955
161.0432937,-46.890395,44.4,-13.500000097603955
160.2962685,-50.00197874,41.2,-13.500000097603955
160.2962685,-50.00197874,44.4,-13.500000097603955
161.7903189,-43.77881125,31.6,-13.500000097603955
161.0432937,-46.890395,31.6,-13.500000097603955
161.0432937,-46.890395,28.4,-13.500000097603955
161.0432937,-46.890395,38.0,-13.500000097603955
161.0432937,-46.890395,34.8,-13.500000097603955
160.2962685,-50.00197874,31.6,-13.500000097603955
160.2962685,-50.00197874,28.4,-13.500000097603955
161.7903189,-43.77881125,28.4,-13.500000097603955
162.537344,-40.6672275,28.4,-13.500000097603955
161.7903189,-43.77881125,38.0,-13.500000097603955
160.2962685,-50.00197874,34.8,-13.500000097603955
161.7903189,-43.77881125,34.8,-13.500000097603955
162.537344,-40.6672275,31.6,-13.500000097603955
160.2962685,-50.00197874,38.0,-13.500000097603955
160.2962685,-50.00197874,14.8,-13.500000097603955
161.0432937,-46.890395,14.8,-13.500000097603955
162.537344,-40.6672275,18.0,-13.500000097603955
161.0432937,-46.890395,18.0,-13.500000097603955
162.537344,-40.6672275,14.8,-13.500000097603955
160.2962685,-50.00197874,21.2,-13.500000097603955
161.7903189,-43.77881125,21.2,-13.500000097603955
160.2962685,-50.00197874,24.4,-13.500000097603955
161.0432937,-46.890395,21.2,-13.500000097603955
163.2843692,-37.55564376,14.8,-13.500000097603955
160.2962685,-50.00197874,18.0,-13.500000097603955
163.2843692,-37.55564376,18.0,-13.500000097603955
161.7903189,-43.77881125,14.8,-13.500000097603955
161.7903189,-43.77881125,24.4,-13.500000097603955
161.7903189,-43.77881125,18.0,-13.500000097603955
161.0432937,-46.890395,24.4,-13.500000097603955
160.2962685,-50.00197874,11.6,-13.500000097603955
160.2962685,-50.00197874,5.2,-13.500000097603955
160.2962685,-50.00197874,8.4,-13.500000097603955
160.2962685,-50.00197874,2.0,-13.500000097603955
161.0432937,-46.890395,8.4,-13.500000097603955
161.0432937,-46.890395,11.6,-13.500000097603955
161.0432937,-46.890395,5.2,-13.500000097603955
161.0432937,-46.890395,2.0,-13.500000097603955
161.7903189,-43.77881125,11.6,-13.500000097603955
161.7903189,-43.77881125,5.2,-13.500000097603955
161.7903189,-43.77881125,8.4,-13.500000097603955
162.537344,-40.6672275,21.2,-13.500000097603955
161.7903189,-43.77881125,2.0,-13.500000097603955
162.537344,-40.6672275,2.0,-13.500000097603955
162.537344,-40.6672275,5.2,-13.500000097603955
162.537344,-40.6672275,11.6,-13.500000097603955
162.537344,-40.6672275,8.4,-13.500000097603955
163.2843692,-37.55564376,8.4,-13.500000097603955
163.2843692,-37.55564376,5.2,-13.500000097603955
163.2843692,-37.55564376,11.6,-13.500000097603955
163.2843692,-37.55564376,2.0,-13.500000097603955
164.0313944,-34.44406001,2.0,-13.500000097603955
162.537344,-40.6672275,24.4,-13.500000097603955
164.0313944,-34.44406001,5.2,-13.500000097603955
164.7784195,-31.33247627,2.0,-13.500000097603955
164.0313944,-34.44406001,8.4,-13.500000097603955
164.7784195,-31.33247627,5.2,-13.500000097603955
164.0313944,-34.44406001,11.6,-13.500000097603955
165.5254447,-28.22089252,2.0,-13.500000097603955
164.7784195,-31.33247627,8.4,-13.500000097603955
165.5254447,-28.22089252,5.2,-13.500000097603955
164.7784195,-31.33247627,11.6,-13.500000097603955
165.5254447,-28.22089252,8.4,-13.500000097603955
165.5254447,-28.22089252,11.6,-13.500000097603955
164.0313944,-34.44406001,24.4,-13.500000097603955
164.7784195,-31.33247627,18.0,-13.500000097603955
164.7784195,-31.33247627,24.4,-13.500000097603955
164.7784195,-31.33247627,14.8,-13.500000097603955
164.7784195,-31.33247627,21.2,-13.500000097603955
165.5254447,-28.22089252,21.2,-13.500000097603955
165.5254447,-28.22089252,24.4,-13.500000097603955
164.0313944,-34.44406001,21.2,-13.500000097603955
163.2843692,-37.55564376,21.2,-13.500000097603955
164.0313944,-34.44406001,14.8,-13.500000097603955
165.5254447,-28.22089252,18.0,-13.500000097603955
164.0313944,-34.44406001,18.0,-13.500000097603955
163.2843692,-37.55564376,24.4,-13.500000097603955
165.5254447,-28.22089252,14.8,-13.500000097603955
167.902272,-1.979562146,38.0,-4.499999805113183
167.6512029,-5.169697614,38.0,-4.499999805113183
167.4001338,-8.359833082,28.4,-4.499999805113183
167.902272,-1.979562146,34.8,-4.499999805113183
167.1490647,-11.54996855,34.8,-4.499999805113183
167.4001338,-8.359833082,34.8,-4.499999805113183
167.1490647,-11.54996855,38.0,-4.499999805113183
167.902272,-1.979562146,28.4,-4.499999805113183
167.6512029,-5.169697614,31.6,-4.499999805113183
167.1490647,-11.54996855,28.4,-4.499999805113183
167.6512029,-5.169697614,34.8,-4.499999805113183
167.1490647,-11.54996855,31.6,-4.499999805113183
167.4001338,-8.359833082,38.0,-4.499999805113183
167.4001338,-8.359833082,31.6,-4.499999805113183
167.902272,-1.979562146,31.6,-4.499999805113183
167.6512029,-5.169697614,28.4,-4.499999805113183
167.902272,-1.979562146,41.2,-4.499999805113183
167.6512029,-5.169697614,41.2,-4.499999805113183
167.902272,-1.979562146,44.4,-4.499999805113183
167.6512029,-5.169697614,44.4,-4.499999805113183
167.902272,-1.979562146,50.8,-4.499999805113183
167.902272,-1.979562146,47.6,-4.499999805113183
167.6512029,-5.169697614,50.8,-4.499999805113183
167.6512029,-5.169697614,47.6,-4.499999805113183
167.4001338,-8.359833082,41.2,-4.499999805113183
167.4001338,-8.359833082,47.6,-4.499999805113183
167.4001338,-8.359833082,44.4,-4.499999805113183
166.8979956,-14.74010402,38.0,-4.499999805113183
167.4001338,-8.359833082,50.8,-4.499999805113183
167.1490647,-11.54996855,41.2,-4.499999805113183
167.1490647,-11.54996855,50.8,-4.499999805113183
167.1490647,-11.54996855,47.6,-4.499999805113183
167.1490647,-11.54996855,44.4,-4.499999805113183
166.8979956,-14.74010402,41.2,-4.499999805113183
166.8979956,-14.74010402,44.4,-4.499999805113183
166.8979956,-14.74010402,50.8,-4.499999805113183
166.8979956,-14.74010402,47.6,-4.499999805113183
166.6469265,-17.93023949,50.8,-4.499999805113183
166.8979956,-14.74010402,34.8,-4.499999805113183
166.6469265,-17.93023949,47.6,-4.499999805113183
166.6469265,-17.93023949,44.4,-4.499999805113183
166.6469265,-17.93023949,41.2,-4.499999805113183
166.3958574,-21.12037495,47.6,-4.499999805113183
166.3958574,-21.12037495,50.8,-4.499999805113183
166.1447883,-24.31051042,50.8,-4.499999805113183
166.3958574,-21.12037495,41.2,-4.499999805113183
166.1447883,-24.31051042,47.6,-4.499999805113183
166.3958574,-21.12037495,44.4,-4.499999805113183
166.1447883,-24.31051042,41.2,-4.499999805113183
166.1447883,-24.31051042,44.4,-4.499999805113183
166.6469265,-17.93023949,31.6,-4.499999805113183
166.3958574,-21.12037495,31.6,-4.499999805113183
166.3958574,-21.12037495,28.4,-4.499999805113183
166.3958574,-21.12037495,38.0,-4.499999805113183
166.3958574,-21.12037495,34.8,-4.499999805113183
166.1447883,-24.31051042,31.6,-4.499999805113183
166.1447883,-24.31051042,28.4,-4.499999805113183
166.6469265,-17.93023949,28.4,-4.499999805113183
166.8979956,-14.74010402,28.4,-4.499999805113183
166.6469265,-17.93023949,38.0,-4.499999805113183
166.1447883,-24.31051042,34.8,-4.499999805113183
166.6469265,-17.93023949,34.8,-4.499999805113183
166.8979956,-14.74010402,31.6,-4.499999805113183
166.1447883,-24.31051042,38.0,-4.499999805113183
166.1447883,-24.31051042,14.8,-4.499999805113183
166.3958574,-21.12037495,14.8,-4.499999805113183
166.8979956,-14.74010402,18.0,-4.499999805113183
166.3958574,-21.12037495,18.0,-4.499999805113183
166.8979956,-14.74010402,14.8,-4.499999805113183
166.1447883,-24.31051042,21.2,-4.499999805113183
166.6469265,-17.93023949,21.2,-4.499999805113183
166.1447883,-24.31051042,24.4,-4.499999805113183
166.3958574,-21.12037495,21.2,-4.499999805113183
167.1490647,-11.54996855,14.8,-4.499999805113183
166.1447883,-24.31051042,18.0,-4.499999805113183
167.1490647,-11.54996855,18.0,-4.499999805113183
166.6469265,-17.93023949,14.8,-4.499999805113183
166.6469265,-17.93023949,24.4,-4.499999805113183
166.6469265,-17.93023949,18.0,-4.499999805113183
166.3958574,-21.12037495,24.4,-4.499999805113183
166.1447883,-24.31051042,11.6,-4.499999805113183
166.1447883,-24.31051042,5.2,-4.499999805113183
166.1447883,-24.31051042,8.4,-4.499999805113183
166.1447883,-24.31051042,2.0,-4.499999805113183
166.3958574,-21.12037495,8.4,-4.499999805113183
166.3958574,-21.12037495,11.6,-4.499999805113183
166.3958574,-21.12037495,5.2,-4.499999805113183
166.3958574,-21.12037495,2.0,-4.499999805113183
166.6469265,-17.93023949,11.6,-4.499999805113183
166.6469265,-17.93023949,5.2,-4.499999805113183
166.6469265,-17.93023949,8.4,-4.499999805113183
166.8979956,-14.74010402,21.2,-4.499999805113183
166.6469265,-17.93023949,2.0,-4.499999805113183
166.8979956,-14.74010402,2.0,-4.499999805113183
166.8979956,-14.74010402,5.2,-4.499999805113183
166.8979956,-14.74010402,11.6,-4.499999805113183
166.8979956,-14.74010402,8.4,-4.499999805113183
167.1490647,-11.54996855,8.4,-4.499999805113183
167.1490647,-11.54996855,5.2,-4.499999805113183
167.1490647,-11.54996855,11.6,-4.499999805113183
167.1490647,-11.54996855,2.0,-4.499999805113183
167.4001338,-8.359833082,2.0,-4.499999805113183
166.8979956,-14.74010402,24.4,-4.499999805113183
167.4001338,-8.359833082,5.2,-4.499999805113183
167.6512029,-5.169697614,2.0,-4.499999805113183
167.4001338,-8.359833082,8.4,-4.499999805113183
167.6512029,-5.169697614,5.2,-4.499999805113183
167.4001338,-8.359833082,11.6,-4.499999805113183
167.902272,-1.979562146,2.0,-4.499999805113183
167.6512029,-5.169697614,8.4,-4.499999805113183
167.902272,-1.979562146,5.2,-4.499999805113183
167.6512029,-5.169697614,11.6,-4.499999805113183
167.902272,-1.979562146,8.4,-4.499999805113183
167.902272,-1.979562146,11.6,-4.499999805113183
167.4001338,-8.359833082,24.4,-4.499999805113183
167.6512029,-5.169697614,18.0,-4.499999805113183
167.6512029,-5.169697614,24.4,-4.499999805113183
167.6512029,-5.169697614,14.8,-4.499999805113183
167.6512029,-5.169697614,21.2,-4.499999805113183
167.902272,-1.979562146,21.2,-4.499999805113183
167.902272,-1.979562146,24.4,-4.499999805113183
167.4001338,-8.359833082,21.2,-4.499999805113183
167.1490647,-11.54996855,21.2,-4.499999805113183
167.4001338,-8.359833082,14.8,-4.499999805113183
167.902272,-1.979562146,18.0,-4.499999805113183
167.4001338,-8.359833082,18.0,-4.499999805113183
167.1490647,-11.54996855,24.4,-4.499999805113183
167.902272,-1.979562146,14.8,-4.499999805113183
166.1447882,24.31051162,38.0,4.499999805113183
166.3958573,21.12037615,38.0,4.499999805113183
166.6469264,17.93024068,28.4,4.499999805113183
166.1447882,24.31051162,34.8,4.499999805113183
166.8979955,14.74010522,34.8,4.499999805113183
166.6469264,17.93024068,34.8,4.499999805113183
166.8979955,14.74010522,38.0,4.499999805113183
166.1447882,24.31051162,28.4,4.499999805113183
166.3958573,21.12037615,31.6,4.499999805113183
166.8979955,14.74010522,28.4,4.499999805113183
166.3958573,21.12037615,34.8,4.499999805113183
166.8979955,14.74010522,31.6,4.499999805113183
166.6469264,17.93024068,38.0,4.499999805113183
166.6469264,17.93024068,31.6,4.499999805113183
166.1447882,24.31051162,31.6,4.499999805113183
166.3958573,21.12037615,28.4,4.499999805113183
166.1447882,24.31051162,41.2,4.499999805113183
166.3958573,21.12037615,41.2,4.499999805113183
166.1447882,24.31051162,44.4,4.499999805113183
166.3958573,21.12037615,44.4,4.499999805113183
166.1447882,24.31051162,50.8,4.499999805113183
166.1447882,24.31051162,47.6,4.499999805113183
166.3958573,21.12037615,50.8,4.499999805113183
166.3958573,21.12037615,47.6,4.499999805113183
166.6469264,17.93024068,41.2,4.499999805113183
166.6469264,17.93024068,47.6,4.499999805113183
166.6469264,17.93024068,44.4,4.499999805113183
167.1490646,11.54996975,38.0,4.499999805113183
166.6469264,17.93024068,50.8,4.499999805113183
166.8979955,14.74010522,41.2,4.499999805113183
166.8979955,14.74010522,50.8,4.499999805113183
166.8979955,14.74010522,47.6,4.499999805113183
166.8979955,14.74010522,44.4,4.499999805113183
167.1490646,11.54996975,41.2,4.499999805113183
167.1490646,11.54996975,44.4,4.499999805113183
167.1490646,11.54996975,50.8,4.499999805113183
167.1490646,11.54996975,47.6,4.499999805113183
167.4001337,8.359834281,50.8,4.499999805113183
167.1490646,11.54996975,34.8,4.499999805113183
167.4001337,8.359834281,47.6,4.499999805113183
167.4001337,8.359834281,44.4,4.499999805113183
167.4001337,8.359834281,41.2,4.499999805113183
167.6512028,5.169698813,47.6,4.499999805113183
167.6512028,5.169698813,50.8,4.499999805113183
167.9022719,1.979563345,50.8,4.499999805113183
167.6512028,5.169698813,41.2,4.499999805113183
167.9022719,1.979563345,47.6,4.499999805113183
167.6512028,5.169698813,44.4,4.499999805113183
167.9022719,1.979563345,41.2,4.499999805113183
167.9022719,1.979563345,44.4,4.499999805113183
167.4001337,8.359834281,31.6,4.499999805113183
167.6512028,5.169698813,31.6,4.499999805113183
167.6512028,5.169698813,28.4,4.499999805113183
167.6512028,5.169698813,38.0,4.499999805113183
167.6512028,5.169698813,34.8,4.499999805113183
167.9022719,1.979563345,31.6,4.499999805113183
167.9022719,1.979563345,28.4,4.499999805113183
167.4001337,8.359834281,28.4,4.499999805113183
167.1490646,11.54996975,28.4,4.499999805113183
167.4001337,8.359834281,38.0,4.499999805113183
167.9022719,1.979563345,34.8,4.499999805113183
167.4001337,8.359834281,34.8,4.499999805113183
167.1490646,11.54996975,31.6,4.499999805113183
167.9022719,1.979563345,38.0,4.499999805113183
167.9022719,1.979563345,14.8,4.499999805113183
167.6512028,5.169698813,14.8,4.499999805113183
167.1490646,11.54996975,18.0,4.499999805113183
167.6512028,5.169698813,18.0,4.499999805113183
167.1490646,11.54996975,14.8,4.499999805113183
167.9022719,1.979563345,21.2,4.499999805113183
167.4001337,8.359834281,21.2,4.499999805113183
167.9022719,1.979563345,24.4,4.499999805113183
167.6512028,5.169698813,21.2,4.499999805113183
166.8979955,14.74010522,14.8,4.499999805113183
167.9022719,1.979563345,18.0,4.499999805113183
166.8979955,14.74010522,18.0,4.499999805113183
167.4001337,8.359834281,14.8,4.499999805113183
167.4001337,8.359834281,24.4,4.499999805113183
167.4001337,8.359834281,18.0,4.499999805113183
167.6512028,5.169698813,24.4,4.499999805113183
167.9022719,1.979563345,11.6,4.499999805113183
167.9022719,1.979563345,5.2,4.499999805113183
167.9022719,1.979563345,8.4,4.499999805113183
167.9022719,1.979563345,2.0,4.499999805113183
167.6512028,5.169698813,8.4,4.499999805113183
167.6512028,5.169698813,11.6,4.499999805113183
167.6512028,5.169698813,5.2,4.499999805113183
167.6512028,5.169698813,2.0,4.499999805113183
167.4001337,8.359834281,11.6,4.499999805113183
167.4001337,8.359834281,5.2,4.499999805113183
167.4001337,8.359834281,8.4,4.499999805113183
167.1490646,11.54996975,21.2,4.499999805113183
167.4001337,8.359834281,2.0,4.499999805113183
167.1490646,11.54996975,2.0,4.499999805113183
167.1490646,11.54996975,5.2,4.499999805113183
167.1490646,11.54996975,11.6,4.499999805113183
167.1490646,11.54996975,8.4,4.499999805113183
166.8979955,14.74010522,8.4,4.499999805113183
166.8979955,14.74010522,5.2,4.499999805113183
166.8979955,14.74010522,11.6,4.499999805113183
166.8979955,14.74010522,2.0,4.499999805113183
166.6469264,17.93024068,2.0,4.499999805113183
167.1490646,11.54996975,24.4,4.499999805113183
166.6469264,17.93024068,5.2,4.499999805113183
166.3958573,21.12037615,2.0,4.499999805113183
166.6469264,17.93024068,8.4,4.499999805113183
166.3958573,21.12037615,5.2,4.499999805113183
166.6469264,17.93024068,11.6,4.499999805113183
166.1447882,24.31051162,2.0,4.499999805113183
166.3958573,21.12037615,8.4,4.499999805113183
166.1447882,24.31051162,5.2,4.499999805113183
166.3958573,21.12037615,11.6,4.499999805113183
166.1447882,24.31051162,8.4,4.499999805113183
166.1447882,24.31051162,11.6,4.499999805113183
166.6469264,17.93024068,24.4,4.499999805113183
166.3958573,21.12037615,18.0,4.499999805113183
166.3958573,21.12037615,24.4,4.499999805113183
166.3958573,21.12037615,14.8,4.499999805113183
166.3958573,21.12037615,21.2,4.499999805113183
166.1447882,24.31051162,21.2,4.499999805113183
166.1447882,24.31051162,24.4,4.499999805113183
166.6469264,17.93024068,21.2,4.499999805113183
166.8979955,14.74010522,21.2,4.499999805113183
166.6469264,17.93024068,14.8,4.499999805113183
166.1447882,24.31051162,18.0,4.499999805113183
166.6469264,17.93024068,18.0,4.499999805113183
166.8979955,14.74010522,24.4,4.499999805113183
166.1447882,24.31051162,14.8,4.499999805113183
160.2962683,50.00197991,38.0,13.500000097603955
161.0432934,46.89039617,38.0,13.500000097603955
161.7903186,43.77881242,28.4,13.500000097603955
160.2962683,50.00197991,34.8,13.500000097603955
162.5373438,40.66722867,34.8,13.500000097603955
161.7903186,43.77881242,34.8,13.500000097603955
162.5373438,40.66722867,38.0,13.500000097603955
160.2962683,50.00197991,28.4,13.500000097603955
161.0432934,46.89039617,31.6,13.500000097603955
162.5373438,40.66722867,28.4,13.500000097603955
161.0432934,46.89039617,34.8,13.500000097603955
162.5373438,40.66722867,31.6,13.500000097603955
161.7903186,43.77881242,38.0,13.500000097603955
161.7903186,43.77881242,31.6,13.500000097603955
160.2962683,50.00197991,31.6,13.500000097603955
161.0432934,46.89039617,28.4,13.500000097603955
160.2962683,50.00197991,41.2,13.500000097603955
161.0432934,46.89039617,41.2,13.500000097603955
160.2962683,50.00197991,44.4,13.500000097603955
161.0432934,46.89039617,44.4,13.500000097603955
160.2962683,50.00197991,50.8,13.500000097603955
160.2962683,50.00197991,47.6,13.500000097603955
161.0432934,46.89039617,50.8,13.500000097603955
161.0432934,46.89039617,47.6,13.500000097603955
161.7903186,43.77881242,41.2,13.500000097603955
161.7903186,43.77881242,47.6,13.500000097603955
161.7903186,43.77881242,44.4,13.500000097603955
163.2843689,37.55564493,38.0,13.500000097603955
161.7903186,43.77881242,50.8,13.500000097603955
162.5373438,40.66722867,41.2,13.500000097603955
162.5373438,40.66722867,50.8,13.500000097603955
162.5373438,40.66722867,47.6,13.500000097603955
162.5373438,40.66722867,44.4,13.500000097603955
163.2843689,37.55564493,41.2,13.500000097603955
163.2843689,37.55564493,44.4,13.500000097603955
163.2843689,37.55564493,50.8,13.500000097603955
163.2843689,37.55564493,47.6,13.500000097603955
164.0313941,34.44406118,50.8,13.500000097603955
163.2843689,37.55564493,34.8,13.500000097603955
164.0313941,34.44406118,47.6,13.500000097603955
164.0313941,34.44406118,44.4,13.500000097603955
164.0313941,34.44406118,41.2,13.500000097603955
164.7784192,31.33247744,47.6,13.500000097603955
164.7784192,31.33247744,50.8,13.500000097603955
165.5254444,28.22089369,50.8,13.500000097603955
164.7784192,31.33247744,41.2,13.500000097603955
165.5254444,28.22089369,47.6,13.500000097603955
164.7784192,31.33247744,44.4,13.500000097603955
165.5254444,28.22089369,41.2,13.500000097603955
165.5254444,28.22089369,44.4,13.500000097603955
164.0313941,34.44406118,31.6,13.500000097603955
164.7784192,31.33247744,31.6,13.500000097603955
164.7784192,31.33247744,28.4,13.500000097603955
164.7784192,31.33247744,38.0,13.500000097603955
164.7784192,31.33247744,34.8,13.500000097603955
165.5254444,28.22089369,31.6,13.500000097603955
165.5254444,28.22089369,28.4,13.500000097603955
164.0313941,34.44406118,28.4,13.500000097603955
163.2843689,37.55564493,28.4,13.500000097603955
164.0313941,34.44406118,38.0,13.500000097603955
165.5254444,28.22089369,34.8,13.500000097603955
164.0313941,34.44406118,34.8,13.500000097603955
163.2843689,37.55564493,31.6,13.500000097603955
165.5254444,28.22089369,38.0,13.500000097603955
165.5254444,28.22089369,14.8,13.500000097603955
164.7784192,31.33247744,14.8,13.500000097603955
163.2843689,37.55564493,18.0,13.500000097603955
164.7784192,31.33247744,18.0,13.500000097603955
163.2843689,37.55564493,14.8,13.500000097603955
165.5254444,28.22089369,21.2,13.500000097603955
164.0313941,34.44406118,21.2,13.500000097603955
165.5254444,28.22089369,24.4,13.500000097603955
164.7784192,31.33247744,21.2,13.500000097603955
162.5373438,40.66722867,14.8,13.500000097603955
165.5254444,28.22089369,18.0,13.500000097603955
162.5373438,40.66722867,18.0,13.500000097603955
164.0313941,34.44406118,14.8,13.500000097603955
164.0313941,34.44406118,24.4,13.500000097603955
164.0313941,34.44406118,18.0,13.500000097603955
164.7784192,31.33247744,24.4,13.500000097603955
165.5254444,28.22089369,11.6,13.500000097603955
165.5254444,28.22089369,5.2,13.500000097603955
165.5254444,28.22089369,8.4,13.500000097603955
165.5254444,28.22089369,2.0,13.500000097603955
164.7784192,31.33247744,8.4,13.500000097603955
164.7784192,31.33247744,11.6,13.500000097603955
164.7784192,31.33247744,5.2,13.500000097603955
164.7784192,31.33247744,2.0,13.500000097603955
164.0313941,34.44406118,11.6,13.500000097603955
164.0313941,34.44406118,5.2,13.500000097603955
164.0313941,34.44406118,8.4,13.500000097603955
163.2843689,37.55564493,21.2,13.500000097603955
164.0313941,34.44406118,2.0,13.500000097603955
163.2843689,37.55564493,2.0,13.500000097603955
163.2843689,37.55564493,5.2,13.500000097603955
163.2843689,37.55564493,11.6,13.500000097603955
163.2843689,37.55564493,8.4,13.500000097603955
162.5373438,40.66722867,8.4,13.500000097603955
162.5373438,40.66722867,5.2,13.500000097603955
162.5373438,40.66722867,11.6,13.500000097603955
162.5373438,40.66722867,2.0,13.500000097603955
161.7903186,43.77881242,2.0,13.500000097603955
163.2843689,37.55564493,24.4,13.500000097603955
161.7903186,43.77881242,5.2,13.500000097603955
161.0432934,46.89039617,2.0,13.500000097603955
161.7903186,43.77881242,8.4,13.500000097603955
161.0432934,46.89039617,5.2,13.500000097603955
161.7903186,43.77881242,11.6,13.500000097603955
160.2962683,50.00197991,2.0,13.500000097603955
161.0432934,46.89039617,8.4,13.500000097603955
160.2962683,50.00197991,5.2,13.500000097603955
161.0432934,46.89039617,11.6,13.500000097603955
160.2962683,50.00197991,8.4,13.500000097603955
160.2962683,50.00197991,11.6,13.500000097603955
161.7903186,43.77881242,24.4,13.500000097603955
161.0432934,46.89039617,18.0,13.500000097603955
161.0432934,46.89039617,24.4,13.500000097603955
161.0432934,46.89039617,14.8,13.500000097603955
161.0432934,46.89039617,21.2,13.500000097603955
160.2962683,50.00197991,21.2,13.500000097603955
160.2962683,50.00197991,24.4,13.500000097603955
161.7903186,43.77881242,21.2,13.500000097603955
162.5373438,40.66722867,21.2,13.500000097603955
161.7903186,43.77881242,14.8,13.500000097603955
160.2962683,50.00197991,18.0,13.500000097603955
161.7903186,43.77881242,18.0,13.500000097603955
162.5373438,40.66722867,24.4,13.500000097603955
160.2962683,50.00197991,14.8,13.500000097603955
160.2962683,50.00197991,-14.8,13.500000097603955
161.0432934,46.89039617,-14.8,13.500000097603955
161.7903186,43.77881242,-24.4,13.500000097603955
160.2962683,50.00197991,-18.0,13.500000097603955
162.5373438,40.66722867,-18.0,13.500000097603955
161.7903186,43.77881242,-18.0,13.500000097603955
162.5373438,40.66722867,-14.8,13.500000097603955
160.2962683,50.00197991,-24.4,13.500000097603955
161.0432934,46.89039617,-21.2,13.500000097603955
162.5373438,40.66722867,-24.4,13.500000097603955
161.0432934,46.89039617,-18.0,13.500000097603955
162.5373438,40.66722867,-21.2,13.500000097603955
161.7903186,43.77881242,-14.8,13.500000097603955
161.7903186,43.77881242,-21.2,13.500000097603955
160.2962683,50.00197991,-21.2,13.500000097603955
161.0432934,46.89039617,-24.4,13.500000097603955
160.2962683,50.00197991,-11.6,13.500000097603955
161.0432934,46.89039617,-11.6,13.500000097603955
160.2962683,50.00197991,-8.4,13.500000097603955
161.0432934,46.89039617,-8.4,13.500000097603955
160.2962683,50.00197991,-2.0,13.500000097603955
160.2962683,50.00197991,-5.2,13.500000097603955
161.0432934,46.89039617,-2.0,13.500000097603955
161.0432934,46.89039617,-5.2,13.500000097603955
161.7903186,43.77881242,-11.6,13.500000097603955
161.7903186,43.77881242,-5.2,13.500000097603955
161.7903186,43.77881242,-8.4,13.500000097603955
163.2843689,37.55564493,-14.8,13.500000097603955
161.7903186,43.77881242,-2.0,13.500000097603955
162.5373438,40.66722867,-11.6,13.500000097603955
162.5373438,40.66722867,-2.0,13.500000097603955
162.5373438,40.66722867,-5.2,13.500000097603955
162.5373438,40.66722867,-8.4,13.500000097603955
163.2843689,37.55564493,-11.6,13.500000097603955
163.2843689,37.55564493,-8.4,13.500000097603955
163.2843689,37.55564493,-2.0,13.500000097603955
163.2843689,37.55564493,-5.2,13.500000097603955
164.0313941,34.44406118,-2.0,13.500000097603955
163.2843689,37.55564493,-18.0,13.500000097603955
164.0313941,34.44406118,-5.2,13.500000097603955
164.0313941,34.44406118,-8.4,13.500000097603955
164.0313941,34.44406118,-11.6,13.500000097603955
164.7784192,31.33247744,-5.2,13.500000097603955
164.7784192,31.33247744,-2.0,13.500000097603955
165.5254444,28.22089369,-2.0,13.500000097603955
164.7784192,31.33247744,-11.6,13.500000097603955
165.5254444,28.22089369,-5.2,13.500000097603955
164.7784192,31.33247744,-8.4,13.500000097603955
165.5254444,28.22089369,-11.6,13.500000097603955
165.5254444,28.22089369,-8.4,13.500000097603955
164.0313941,34.44406118,-21.2,13.500000097603955
164.7784192,31.33247744,-21.2,13.500000097603955
164.7784192,31.33247744,-24.4,13.500000097603955
164.7784192,31.33247744,-14.8,13.500000097603955
164.7784192,31.33247744,-18.0,13.500000097603955
165.5254444,28.22089369,-21.2,13.500000097603955
165.5254444,28.22089369,-24.4,13.500000097603955
164.0313941,34.44406118,-24.4,13.500000097603955
163.2843689,37.55564493,-24.4,13.500000097603955
164.0313941,34.44406118,-14.8,13.500000097603955
165.5254444,28.22089369,-18.0,13.500000097603955
164.0313941,34.44406118,-18.0,13.500000097603955
163.2843689,37.55564493,-21.2,13.500000097603955
165.5254444,28.22089369,-14.8,13.500000097603955
165.5254444,28.22089369,-38.0,13.500000097603955
164.7784192,31.33247744,-38.0,13.500000097603955
163.2843689,37.55564493,-34.8,13.500000097603955
164.7784192,31.33247744,-34.8,13.500000097603955
163.2843689,37.55564493,-38.0,13.500000097603955
165.5254444,28.22089369,-31.6,13.500000097603955
164.0313941,34.44406118,-31.6,13.500000097603955
165.5254444,28.22089369,-28.4,13.500000097603955
164.7784192,31.33247744,-31.6,13.500000097603955
162.5373438,40.66722867,-38.0,13.500000097603955
165.5254444,28.22089369,-34.8,13.500000097603955
162.5373438,40.66722867,-34.8,13.500000097603955
164.0313941,34.44406118,-38.0,13.500000097603955
164.0313941,34.44406118,-28.4,13.500000097603955
164.0313941,34.44406118,-34.8,13.500000097603955
164.7784192,31.33247744,-28.4,13.500000097603955
165.5254444,28.22089369,-41.2,13.500000097603955
165.5254444,28.22089369,-47.6,13.500000097603955
165.5254444,28.22089369,-44.4,13.500000097603955
165.5254444,28.22089369,-50.8,13.500000097603955
164.7784192,31.33247744,-44.4,13.500000097603955
164.7784192,31.33247744,-41.2,13.500000097603955
164.7784192,31.33247744,-47.6,13.500000097603955
164.7784192,31.33247744,-50.8,13.500000097603955
164.0313941,34.44406118,-41.2,13.500000097603955
164.0313941,34.44406118,-47.6,13.500000097603955
164.0313941,34.44406118,-44.4,13.500000097603955
163.2843689,37.55564493,-31.6,13.500000097603955
164.0313941,34.44406118,-50.8,13.500000097603955
163.2843689,37.55564493,-50.8,13.500000097603955
163.2843689,37.55564493,-47.6,13.500000097603955
163.2843689,37.55564493,-41.2,13.500000097603955
163.2843689,37.55564493,-44.4,13.500000097603955
162.5373438,40.66722867,-44.4,13.500000097603955
162.5373438,40.66722867,-47.6,13.500000097603955
162.5373438,40.66722867,-41.2,13.500000097603955
162.5373438,40.66722867,-50.8,13.500000097603955
161.7903186,43.77881242,-50.8,13.500000097603955
163.2843689,37.55564493,-28.4,13.500000097603955
161.7903186,43.77881242,-47.6,13.500000097603955
161.0432934,46.89039617,-50.8,13.500000097603955
161.7903186,43.77881242,-44.4,13.500000097603955
161.0432934,46.89039617,-47.6,13.500000097603955
161.7903186,43.77881242,-41.2,13.500000097603955
160.2962683,50.00197991,-50.8,13.500000097603955
161.0432934,46.89039617,-44.4,13.500000097603955
160.2962683,50.00197991,-47.6,13.500000097603955
161.0432934,46.89039617,-41.2,13.500000097603955
160.2962683,50.00197991,-44.4,13.500000097603955
160.2962683,50.00197991,-41.2,13.500000097603955
161.7903186,43.77881242,-28.4,13.500000097603955
161.0432934,46.89039617,-34.8,13.500000097603955
161.0432934,46.89039617,-28.4,13.500000097603955
161.0432934,46.89039617,-38.0,13.500000097603955
161.0432934,46.89039617,-31.6,13.500000097603955
160.2962683,50.00197991,-31.6,13.500000097603955
160.2962683,50.00197991,-28.4,13.500000097603955
161.7903186,43.77881242,-31.6,13.500000097603955
162.5373438,40.66722867,-31.6,13.500000097603955
161.7903186,43.77881242,-38.0,13.500000097603955
160.2962683,50.00197991,-34.8,13.500000097603955
161.7903186,43.77881242,-34.8,13.500000097603955
162.5373438,40.66722867,-28.4,13.500000097603955
160.2962683,50.00197991,-38.0,13.500000097603955
166.1447882,24.31051162,-14.8,4.499999805113183
166.3958573,21.12037615,-14.8,4.499999805113183
166.6469264,17.93024068,-24.4,4.499999805113183
166.1447882,24.31051162,-18.0,4.499999805113183
166.8979955,14.74010522,-18.0,4.499999805113183
166.6469264,17.93024068,-18.0,4.499999805113183
166.8979955,14.74010522,-14.8,4.499999805113183
166.1447882,24.31051162,-24.4,4.499999805113183
166.3958573,21.12037615,-21.2,4.499999805113183
166.8979955,14.74010522,-24.4,4.499999805113183
166.3958573,21.12037615,-18.0,4.499999805113183
166.8979955,14.74010522,-21.2,4.499999805113183
166.6469264,17.93024068,-14.8,4.499999805113183
166.6469264,17.93024068,-21.2,4.499999805113183
166.1447882,24.31051162,-21.2,4.499999805113183
166.3958573,21.12037615,-24.4,4.499999805113183
166.1447882,24.31051162,-11.6,4.499999805113183
166.3958573,21.12037615,-11.6,4.499999805113183
166.1447882,24.31051162,-8.4,4.499999805113183
166.3958573,21.12037615,-8.4,4.499999805113183
166.1447882,24.31051162,-2.0,4.499999805113183
166.1447882,24.31051162,-5.2,4.499999805113183
166.3958573,21.12037615,-2.0,4.499999805113183
166.3958573,21.12037615,-5.2,4.499999805113183
166.6469264,17.93024068,-11.6,4.499999805113183
166.6469264,17.93024068,-5.2,4.499999805113183
166.6469264,17.93024068,-8.4,4.499999805113183
167.1490646,11.54996975,-14.8,4.499999805113183
166.6469264,17.93024068,-2.0,4.499999805113183
166.8979955,14.74010522,-11.6,4.499999805113183
166.8979955,14.74010522,-2.0,4.499999805113183
166.8979955,14.74010522,-5.2,4.499999805113183
166.8979955,14.74010522,-8.4,4.499999805113183
167.1490646,11.54996975,-11.6,4.499999805113183
167.1490646,11.54996975,-8.4,4.499999805113183
167.1490646,11.54996975,-2.0,4.499999805113183
167.1490646,11.54996975,-5.2,4.499999805113183
167.4001337,8.359834281,-2.0,4.499999805113183
167.1490646,11.54996975,-18.0,4.499999805113183
167.4001337,8.359834281,-5.2,4.499999805113183
167.4001337,8.359834281,-8.4,4.499999805113183
167.4001337,8.359834281,-11.6,4.499999805113183
167.6512028,5.169698813,-5.2,4.499999805113183
167.6512028,5.169698813,-2.0,4.499999805113183
167.9022719,1.979563345,-2.0,4.499999805113183
167.6512028,5.169698813,-11.6,4.499999805113183
167.9022719,1.979563345,-5.2,4.499999805113183
167.6512028,5.169698813,-8.4,4.499999805113183
167.9022719,1.979563345,-11.6,4.499999805113183
167.9022719,1.979563345,-8.4,4.499999805113183
167.4001337,8.359834281,-21.2,4.499999805113183
167.6512028,5.169698813,-21.2,4.499999805113183
167.6512028,5.169698813,-24.4,4.499999805113183
167.6512028,5.169698813,-14.8,4.499999805113183
167.6512028,5.169698813,-18.0,4.499999805113183
167.9022719,1.979563345,-21.2,4.499999805113183
167.9022719,1.979563345,-24.4,4.499999805113183
167.4001337,8.359834281,-24.4,4.499999805113183
167.1490646,11.54996975,-24.4,4.499999805113183
167.4001337,8.359834281,-14.8,4.499999805113183
167.9022719,1.979563345,-18.0,4.499999805113183
167.4001337,8.359834281,-18.0,4.499999805113183
167.1490646,11.54996975,-21.2,4.499999805113183
167.9022719,1.979563345,-14.8,4.499999805113183
167.9022719,1.979563345,-38.0,4.499999805113183
167.6512028,5.169698813,-38.0,4.499999805113183
167.1490646,11.54996975,-34.8,4.499999805113183
167.6512028,5.169698813,-34.8,4.499999805113183
167.1490646,11.54996975,-38.0,4.499999805113183
167.9022719,1.979563345,-31.6,4.499999805113183
167.4001337,8.359834281,-31.6,4.499999805113183
167.9022719,1.979563345,-28.4,4.499999805113183
167.6512028,5.169698813,-31.6,4.499999805113183
166.8979955,14.74010522,-38.0,4.499999805113183
167.9022719,1.979563345,-34.8,4.499999805113183
166.8979955,14.74010522,-34.8,4.499999805113183
167.4001337,8.359834281,-38.0,4.499999805113183
167.4001337,8.359834281,-28.4,4.499999805113183
167.4001337,8.359834281,-34.8,4.499999805113183
167.6512028,5.169698813,-28.4,4.499999805113183
167.9022719,1.979563345,-41.2,4.499999805113183
167.9022719,1.979563345,-47.6,4.499999805113183
167.9022719,1.979563345,-44.4,4.499999805113183
167.9022719,1.979563345,-50.8,4.499999805113183
167.6512028,5.169698813,-44.4,4.499999805113183
167.6512028,5.169698813,-41.2,4.499999805113183
167.6512028,5.169698813,-47.6,4.499999805113183
167.6512028,5.169698813,-50.8,4.499999805113183
167.4001337,8.359834281,-41.2,4.499999805113183
167.4001337,8.359834281,-47.6,4.499999805113183
167.4001337,8.359834281,-44.4,4.499999805113183
167.1490646,11.54996975,-31.6,4.499999805113183
167.4001337,8.359834281,-50.8,4.499999805113183
167.1490646,11.54996975,-50.8,4.499999805113183
167.1490646,11.54996975,-47.6,4.499999805113183
167.1490646,11.54996975,-41.2,4.499999805113183
167.1490646,11.54996975,-44.4,4.499999805113183
166.8979955,14.74010522,-44.4,4.499999805113183
166.8979955,14.74010522,-47.6,4.499999805113183
166.8979955,14.74010522,-41.2,4.499999805113183
166.8979955,14.74010522,-50.8,4.499999805113183
166.6469264,17.93024068,-50.8,4.499999805113183
167.1490646,11.54996975,-28.4,4.499999805113183
166.6469264,17.93024068,-47.6,4.499999805113183
166.3958573,21.12037615,-50.8,4.499999805113183
166.6469264,17.93024068,-44.4,4.499999805113183
166.3958573,21.12037615,-47.6,4.499999805113183
166.6469264,17.93024068,-41.2,4.499999805113183
166.1447882,24.31051162,-50.8,4.499999805113183
166.3958573,21.12037615,-44.4,4.499999805113183
166.1447882,24.31051162,-47.6,4.499999805113183
166.3958573,21.12037615,-41.2,4.499999805113183
166.1447882,24.31051162,-44.4,4.499999805113183
166.1447882,24.31051162,-41.2,4.499999805113183
166.6469264,17.93024068,-28.4,4.499999805113183
166.3958573,21.12037615,-34.8,4.499999805113183
166.3958573,21.12037615,-28.4,4.499999805113183
166.3958573,21.12037615,-38.0,4.499999805113183
166.3958573,21.12037615,-31.6,4.499999805113183
166.1447882,24.31051162,-31.6,4.499999805113183
166.1447882,24.31051162,-28.4,4.499999805113183
166.6469264,17.93024068,-31.6,4.499999805113183
166.8979955,14.74010522,-31.6,4.499999805113183
166.6469264,17.93024068,-38.0,4.499999805113183
166.1447882,24.31051162,-34.8,4.499999805113183
166.6469264,17.93024068,-34.8,4.499999805113183
166.8979955,14.74010522,-28.4,4.499999805113183
166.1447882,24.31051162,-38.0,4.499999805113183
167.902272,-1.979562146,-14.8,-4.499999805113183
167.6512029,-5.169697614,-14.8,-4.499999805113183
167.4001338,-8.359833082,-24.4,-4.499999805113183
167.902272,-1.979562146,-18.0,-4.499999805113183
167.1490647,-11.54996855,-18.0,-4.499999805113183
167.4001338,-8.359833082,-18.0,-4.499999805113183
167.1490647,-11.54996855,-14.8,-4.499999805113183
167.902272,-1.979562146,-24.4,-4.499999805113183
167.6512029,-5.169697614,-21.2,-4.499999805113183
167.1490647,-11.54996855,-24.4,-4.499999805113183
167.6512029,-5.169697614,-18.0,-4.499999805113183
167.1490647,-11.54996855,-21.2,-4.499999805113183
167.4001338,-8.359833082,-14.8,-4.499999805113183
167.4001338,-8.359833082,-21.2,-4.499999805113183
167.902272,-1.979562146,-21.2,-4.499999805113183
167.6512029,-5.169697614,-24.4,-4.499999805113183
167.902272,-1.979562146,-11.6,-4.499999805113183
167.6512029,-5.169697614,-11.6,-4.499999805113183
167.902272,-1.979562146,-8.4,-4.499999805113183
167.6512029,-5.169697614,-8.4,-4.499999805113183
167.902272,-1.979562146,-2.0,-4.499999805113183
167.902272,-1.979562146,-5.2,-4.499999805113183
167.6512029,-5.169697614,-2.0,-4.499999805113183
167.6512029,-5.169697614,-5.2,-4.499999805113183
167.4001338,-8.359833082,-11.6,-4.499999805113183
167.4001338,-8.359833082,-5.2,-4.499999805113183
167.4001338,-8.359833082,-8.4,-4.499999805113183
166.8979956,-14.74010402,-14.8,-4.499999805113183
167.4001338,-8.359833082,-2.0,-4.499999805113183
167.1490647,-11.54996855,-11.6,-4.499999805113183
167.1490647,-11.54996855,-2.0,-4.499999805113183
167.1490647,-11.54996855,-5.2,-4.499999805113183
167.1490647,-11.54996855,-8.4,-4.499999805113183
166.8979956,-14.74010402,-11.6,-4.499999805113183
166.8979956,-14.74010402,-8.4,-4.499999805113183
166.8979956,-14.74010402,-2.0,-4.499999805113183
166.8979956,-14.74010402,-5.2,-4.499999805113183
166.6469265,-17.93023949,-2.0,-4.499999805113183
166.8979956,-14.74010402,-18.0,-4.499999805113183
166.6469265,-17.93023949,-5.2,-4.499999805113183
166.6469265,-17.93023949,-8.4,-4.499999805113183
166.6469265,-17.93023949,-11.6,-4.499999805113183
166.3958574,-21.12037495,-5.2,-4.499999805113183
166.3958574,-21.12037495,-2.0,-4.499999805113183
166.1447883,-24.31051042,-2.0,-4.499999805113183
166.3958574,-21.12037495,-11.6,-4.499999805113183
166.1447883,-24.31051042,-5.2,-4.499999805113183
166.3958574,-21.12037495,-8.4,-4.499999805113183
166.1447883,-24.31051042,-11.6,-4.499999805113183
166.1447883,-24.31051042,-8.4,-4.499999805113183
166.6469265,-17.93023949,-21.2,-4.499999805113183
166.3958574,-21.12037495,-21.2,-4.499999805113183
166.3958574,-21.12037495,-24.4,-4.499999805113183
166.3958574,-21.12037495,-14.8,-4.499999805113183
166.3958574,-21.12037495,-18.0,-4.499999805113183
166.1447883,-24.31051042,-21.2,-4.499999805113183
166.1447883,-24.31051042,-24.4,-4.499999805113183
166.6469265,-17.93023949,-24.4,-4.499999805113183
166.8979956,-14.74010402,-24.4,-4.499999805113183
166.6469265,-17.93023949,-14.8,-4.499999805113183
166.1447883,-24.31051042,-18.0,-4.499999805113183
166.6469265,-17.93023949,-18.0,-4.499999805113183
166.8979956,-14.74010402,-21.2,-4.499999805113183
166.1447883,-24.31051042,-14.8,-4.499999805113183
166.1447883,-24.31051042,-38.0,-4.499999805113183
166.3958574,-21.12037495,-38.0,-4.499999805113183
166.8979956,-14.74010402,-34.8,-4.499999805113183
166.3958574,-21.12037495,-34.8,-4.499999805113183
166.8979956,-14.74010402,-38.0,-4.499999805113183
166.1447883,-24.31051042,-31.6,-4.499999805113183
166.6469265,-17.93023949,-31.6,-4.499999805113183
166.1447883,-24.31051042,-28.4,-4.499999805113183
166.3958574,-21.12037495,-31.6,-4.499999805113183
167.1490647,-11.54996855,-38.0,-4.499999805113183
166.1447883,-24.31051042,-34.8,-4.499999805113183
167.1490647,-11.54996855,-34.8,-4.499999805113183
166.6469265,-17.93023949,-38.0,-4.499999805113183
166.6469265,-17.93023949,-28.4,-4.499999805113183
166.6469265,-17.93023949,-34.8,-4.499999805113183
166.3958574,-21.12037495,-28.4,-4.499999805113183
166.1447883,-24.31051042,-41.2,-4.499999805113183
166.1447883,-24.31051042,-47.6,-4.499999805113183
166.1447883,-24.31051042,-44.4,-4.499999805113183
166.1447883,-24.31051042,-50.8,-4.499999805113183
166.3958574,-21.12037495,-44.4,-4.499999805113183
166.3958574,-21.12037495,-41.2,-4.499999805113183
166.3958574,-21.12037495,-47.6,-4.499999805113183
166.3958574,-21.12037495,-50.8,-4.499999805113183
166.6469265,-17.93023949,-41.2,-4.499999805113183
166.6469265,-17.93023949,-47.6,-4.499999805113183
166.6469265,-17.93023949,-44.4,-4.499999805113183
166.8979956,-14.74010402,-31.6,-4.499999805113183
166.6469265,-17.93023949,-50.8,-4.499999805113183
166.8979956,-14.74010402,-50.8,-4.499999805113183
166.8979956,-14.74010402,-47.6,-4.499999805113183
166.8979956,-14.74010402,-41.2,-4.499999805113183
166.8979956,-14.74010402,-44.4,-4.499999805113183
167.1490647,-11.54996855,-44.4,-4.499999805113183
167.1490647,-11.54996855,-47.6,-4.499999805113183
167.1490647,-11.54996855,-41.2,-4.499999805113183
167.1490647,-11.54996855,-50.8,-4.499999805113183
167.4001338,-8.359833082,-50.8,-4.499999805113183
166.8979956,-14.74010402,-28.4,-4.499999805113183
167.4001338,-8.359833082,-47.6,-4.499999805113183
167.6512029,-5.169697614,-50.8,-4.499999805113183
167.4001338,-8.359833082,-44.4,-4.499999805113183
167.6512029,-5.169697614,-47.6,-4.499999805113183
167.4001338,-8.359833082,-41.2,-4.499999805113183
167.902272,-1.979562146,-50.8,-4.499999805113183
167.6512029,-5.169697614,-44.4,-4.499999805113183
167.902272,-1.979562146,-47.6,-4.499999805113183
167.6512029,-5.169697614,-41.2,-4.499999805113183
167.902272,-1.979562146,-44.4,-4.499999805113183
167.902272,-1.979562146,-41.2,-4.499999805113183
167.4001338,-8.359833082,-28.4,-4.499999805113183
167.6512029,-5.169697614,-34.8,-4.499999805113183
167.6512029,-5.169697614,-28.4,-4.499999805113183
167.6512029,-5.169697614,-38.0,-4.499999805113183
167.6512029,-5.169697614,-31.6,-4.499999805113183
167.902272,-1.979562146,-31.6,-4.499999805113183
167.902272,-1.979562146,-28.4,-4.499999805113183
167.4001338,-8.359833082,-31.6,-4.499999805113183
167.1490647,-11.54996855,-31.6,-4.499999805113183
167.4001338,-8.359833082,-38.0,-4.499999805113183
167.902272,-1.979562146,-34.8,-4.499999805113183
167.4001338,-8.359833082,-34.8,-4.499999805113183
167.1490647,-11.54996855,-28.4,-4.499999805113183
167.902272,-1.979562146,-38.0,-4.499999805113183
165.5254447,-28.22089252,-14.8,-13.500000097603955
164.7784195,-31.33247627,-14.8,-13.500000097603955
164.0313944,-34.44406001,-24.4,-13.500000097603955
165.5254447,-28.22089252,-18.0,-13.500000097603955
163.2843692,-37.55564376,-18.0,-13.500000097603955
164.0313944,-34.44406001,-18.0,-13.500000097603955
163.2843692,-37.55564376,-14.8,-13.500000097603955
165.5254447,-28.22089252,-24.4,-13.500000097603955
164.7784195,-31.33247627,-21.2,-13.500000097603955
163.2843692,-37.55564376,-24.4,-13.500000097603955
164.7784195,-31.33247627,-18.0,-13.500000097603955
163.2843692,-37.55564376,-21.2,-13.500000097603955
164.0313944,-34.44406001,-14.8,-13.500000097603955
164.0313944,-34.44406001,-21.2,-13.500000097603955
165.5254447,-28.22089252,-21.2,-13.500000097603955
164.7784195,-31.33247627,-24.4,-13.500000097603955
165.5254447,-28.22089252,-11.6,-13.500000097603955
164.7784195,-31.33247627,-11.6,-13.500000097603955
165.5254447,-28.22089252,-8.4,-13.500000097603955
164.7784195,-31.33247627,-8.4,-13.500000097603955
165.5254447,-28.22089252,-2.0,-13.500000097603955
165.5254447,-28.22089252,-5.2,-13.500000097603955
164.7784195,-31.33247627,-2.0,-13.500000097603955
164.7784195,-31.33247627,-5.2,-13.500000097603955
164.0313944,-34.44406001,-11.6,-13.500000097603955
164.0313944,-34.44406001,-5.2,-13.500000097603955
164.0313944,-34.44406001,-8.4,-13.500000097603955
162.537344,-40.6672275,-14.8,-13.500000097603955
164.0313944,-34.44406001,-2.0,-13.500000097603955
163.2843692,-37.55564376,-11.6,-13.500000097603955
163.2843692,-37.55564376,-2.0,-13.500000097603955
163.2843692,-37.55564376,-5.2,-13.500000097603955
163.2843692,-37.55564376,-8.4,-13.500000097603955
162.537344,-40.6672275,-11.6,-13.500000097603955
162.537344,-40.6672275,-8.4,-13.500000097603955
162.537344,-40.6672275,-2.0,-13.500000097603955
162.537344,-40.6672275,-5.2,-13.500000097603955
161.7903189,-43.77881125,-2.0,-13.500000097603955
162.537344,-40.6672275,-18.0,-13.500000097603955
161.7903189,-43.77881125,-5.2,-13.500000097603955
161.7903189,-43.77881125,-8.4,-13.500000097603955
161.7903189,-43.77881125,-11.6,-13.500000097603955
161.0432937,-46.890395,-5.2,-13.500000097603955
161.0432937,-46.890395,-2.0,-13.500000097603955
160.2962685,-50.00197874,-2.0,-13.500000097603955
161.0432937,-46.890395,-11.6,-13.500000097603955
160.2962685,-50.00197874,-5.2,-13.500000097603955
161.0432937,-46.890395,-8.4,-13.500000097603955
160.2962685,-50.00197874,-11.6,-13.500000097603955
160.2962685,-50.00197874,-8.4,-13.500000097603955
161.7903189,-43.77881125,-21.2,-13.500000097603955
161.0432937,-46.890395,-21.2,-13.500000097603955
161.0432937,-46.890395,-24.4,-13.500000097603955
161.0432937,-46.890395,-14.8,-13.500000097603955
161.0432937,-46.890395,-18.0,-13.500000097603955
160.2962685,-50.00197874,-21.2,-13.500000097603955
160.2962685,-50.00197874,-24.4,-13.500000097603955
161.7903189,-43.77881125,-24.4,-13.500000097603955
162.537344,-40.6672275,-24.4,-13.500000097603955
161.7903189,-43.77881125,-14.8,-13.500000097603955
160.2962685,-50.00197874,-18.0,-13.500000097603955
161.7903189,-43.77881125,-18.0,-13.500000097603955
162.537344,-40.6672275,-21.2,-13.500000097603955
160.2962685,-50.00197874,-14.8,-13.500000097603955
160.2962685,-50.00197874,-38.0,-13.500000097603955
161.0432937,-46.890395,-38.0,-13.500000097603955
162.537344,-40.6672275,-34.8,-13.500000097603955
161.0432937,-46.890395,-34.8,-13.500000097603955
162.537344,-40.6672275,-38.0,-13.500000097603955
160.2962685,-50.00197874,-31.6,-13.500000097603955
161.7903189,-43.77881125,-31.6,-13.500000097603955
160.2962685,-50.00197874,-28.4,-13.500000097603955
161.0432937,-46.890395,-31.6,-13.500000097603955
163.2843692,-37.55564376,-38.0,-13.500000097603955
160.2962685,-50.00197874,-34.8,-13.500000097603955
163.2843692,-37.55564376,-34.8,-13.500000097603955
161.7903189,-43.77881125,-38.0,-13.500000097603955
161.7903189,-43.77881125,-28.4,-13.500000097603955
161.7903189,-43.77881125,-34.8,-13.500000097603955
161.0432937,-46.890395,-28.4,-13.500000097603955
160.2962685,-50.00197874,-41.2,-13.500000097603955
160.2962685,-50.00197874,-47.6,-13.500000097603955
160.2962685,-50.00197874,-44.4,-13.500000097603955
160.2962685,-50.00197874,-50.8,-13.500000097603955
161.0432937,-46.890395,-44.4,-13.500000097603955
161.0432937,-46.890395,-41.2,-13.500000097603955
161.0432937,-46.890395,-47.6,-13.500000097603955
161.0432937,-46.890395,-50.8,-13.500000097603955
161.7903189,-43.77881125,-41.2,-13.500000097603955
161.7903189,-43.77881125,-47.6,-13.500000097603955
161.7903189,-43.77881125,-44.4,-13.500000097603955
162.537344,-40.6672275,-31.6,-13.500000097603955
161.7903189,-43.77881125,-50.8,-13.500000097603955
162.537344,-40.6672275,-50.8,-13.500000097603955
162.537344,-40.6672275,-47.6,-13.500000097603955
162.537344,-40.6672275,-41.2,-13.500000097603955
162.537344,-40.6672275,-44.4,-13.500000097603955
163.2843692,-37.55564376,-44.4,-13.500000097603955
163.2843692,-37.55564376,-47.6,-13.500000097603955
163.2843692,-37.55564376,-41.2,-13.500000097603955
163.2843692,-37.55564376,-50.8,-13.500000097603955
164.0313944,-34.44406001,-50.8,-13.500000097603955
162.537344,-40.6672275,-28.4,-13.500000097603955
164.0313944,-34.44406001,-47.6,-13.500000097603955
164.7784195,-31.33247627,-50.8,-13.500000097603955
164.0313944,-34.44406001,-44.4,-13.500000097603955
164.7784195,-31.33247627,-47.6,-13.500000097603955
164.0313944,-34.44406001,-41.2,-13.500000097603955
165.5254447,-28.22089252,-50.8,-13.500000097603955
164.7784195,-31.33247627,-44.4,-13.500000097603955
165.5254447,-28.22089252,-47.6,-13.500000097603955
164.7784195,-31.33247627,-41.2,-13.500000097603955
165.5254447,-28.22089252,-44.4,-13.500000097603955
165.5254447,-28.22089252,-41.2,-13.500000097603955
164.0313944,-34.44406001,-28.4,-13.500000097603955
164.7784195,-31.33247627,-34.8,-13.500000097603955
164.7784195,-31.33247627,-28.4,-13.500000097603955
164.7784195,-31.33247627,-38.0,-13.500000097603955
164.7784195,-31.33247627,-31.6,-13.500000097603955
165.5254447,-28.22089252,-31.6,-13.500000097603955
165.5254447,-28.22089252,-28.4,-13.500000097603955
164.0313944,-34.44406001,-31.6,-13.500000097603955
163.2843692,-37.55564376,-31.6,-13.500000097603955
164.0313944,-34.44406001,-38.0,-13.500000097603955
165.5254447,-28.22089252,-34.8,-13.500000097603955
164.0313944,-34.44406001,-34.8,-13.500000097603955
163.2843692,-37.55564376,-28.4,-13.500000097603955
165.5254447,-28.22089252,-38.0,-13.500000097603955
150.5007222,74.46223351,38.0,22.49999992682932
151.7253092,71.50581901,38.0,22.49999992682932
152.9498962,68.5494045,28.4,22.49999992682932
150.5007222,74.46223351,34.8,22.49999992682932
154.1744832,65.59299,34.8,22.49999992682932
152.9498962,68.5494045,34.8,22.49999992682932
154.1744832,65.59299,38.0,22.49999992682932
150.5007222,74.46223351,28.4,22.49999992682932
151.7253092,71.50581901,31.6,22.49999992682932
154.1744832,65.59299,28.4,22.49999992682932
151.7253092,71.50581901,34.8,22.49999992682932
154.1744832,65.59299,31.6,22.49999992682932
152.9498962,68.5494045,38.0,22.49999992682932
152.9498962,68.5494045,31.6,22.49999992682932
150.5007222,74.46223351,31.6,22.49999992682932
151.7253092,71.50581901,28.4,22.49999992682932
150.5007222,74.46223351,41.2,22.49999992682932
151.7253092,71.50581901,41.2,22.49999992682932
150.5007222,74.46223351,44.4,22.49999992682932
151.7253092,71.50581901,44.4,22.49999992682932
150.5007222,74.46223351,50.8,22.49999992682932
150.5007222,74.46223351,47.6,22.49999992682932
151.7253092,71.50581901,50.8,22.49999992682932
151.7253092,71.50581901,47.6,22.49999992682932
152.9498962,68.5494045,41.2,22.49999992682932
152.9498962,68.5494045,47.6,22.49999992682932
152.9498962,68.5494045,44.4,22.49999992682932
155.3990702,62.63657549,38.0,22.49999992682932
152.9498962,68.5494045,50.8,22.49999992682932
154.1744832,65.59299,41.2,22.49999992682932
154.1744832,65.59299,50.8,22.49999992682932
154.1744832,65.59299,47.6,22.49999992682932
154.1744832,65.59299,44.4,22.49999992682932
155.3990702,62.63657549,41.2,22.49999992682932
155.3990702,62.63657549,44.4,22.49999992682932
155.3990702,62.63657549,50.8,22.49999992682932
155.3990702,62.63657549,47.6,22.49999992682932
156.6236571,59.68016099,50.8,22.49999992682932
155.3990702,62.63657549,34.8,22.49999992682932
156.6236571,59.68016099,47.6,22.49999992682932
156.6236571,59.68016099,44.4,22.49999992682932
156.6236571,59.68016099,41.2,22.49999992682932
157.8482441,56.72374648,47.6,22.49999992682932
157.8482441,56.72374648,50.8,22.49999992682932
159.0728311,53.76733198,50.8,22.49999992682932
157.8482441,56.72374648,41.2,22.49999992682932
159.0728311,53.76733198,47.6,22.49999992682932
157.8482441,56.72374648,44.4,22.49999992682932
159.0728311,53.76733198,41.2,22.49999992682932
159.0728311,53.76733198,44.4,22.49999992682932
156.6236571,59.68016099,31.6,22.49999992682932
157.8482441,56.72374648,31.6,22.49999992682932
157.8482441,56.72374648,28.4,22.49999992682932
157.8482441,56.72374648,38.0,22.49999992682932
157.8482441,56.72374648,34.8,22.49999992682932
159.0728311,53.76733198,31.6,22.49999992682932
159.0728311,53.76733198,28.4,22.49999992682932
156.6236571,59.68016099,28.4,22.49999992682932
155.3990702,62.63657549,28.4,22.49999992682932
156.6236571,59.68016099,38.0,22.49999992682932
159.0728311,53.76733198,34.8,22.49999992682932
156.6236571,59.68016099,34.8,22.49999992682932
155.3990702,62.63657549,31.6,22.49999992682932
159.0728311,53.76733198,38.0,22.49999992682932
159.0728311,53.76733198,14.8,22.49999992682932
157.8482441,56.72374648,14.8,22.49999992682932
155.3990702,62.63657549,18.0,22.49999992682932
157.8482441,56.72374648,18.0,22.49999992682932
155.3990702,62.63657549,14.8,22.49999992682932
159.0728311,53.76733198,21.2,22.49999992682932
156.6236571,59.68016099,21.2,22.49999992682932
159.0728311,53.76733198,24.4,22.49999992682932
157.8482441,56.72374648,21.2,22.49999992682932
154.1744832,65.59299,14.8,22.49999992682932
159.0728311,53.76733198,18.0,22.49999992682932
154.1744832,65.59299,18.0,22.49999992682932
156.6236571,59.68016099,14.8,22.49999992682932
156.6236571,59.68016099,24.4,22.49999992682932
156.6236571,59.68016099,18.0,22.49999992682932
157.8482441,56.72374648,24.4,22.49999992682932
159.0728311,53.76733198,11.6,22.49999992682932
159.0728311,53.76733198,5.2,22.49999992682932
159.0728311,53.76733198,8.4,22.49999992682932
159.0728311,53.76733198,2.0,22.49999992682932
157.8482441,56.72374648,8.4,22.49999992682932
157.8482441,56.72374648,11.6,22.49999992682932
157.8482441,56.72374648,5.2,22.49999992682932
157.8482441,56.72374648,2.0,22.49999992682932
156.6236571,59.68016099,11.6,22.49999992682932
156.6236571,59.68016099,5.2,22.49999992682932
156.6236571,59.68016099,8.4,22.49999992682932
155.3990702,62.63657549,21.2,22.49999992682932
156.6236571,59.68016099,2.0,22.49999992682932
155.3990702,62.63657549,2.0,22.49999992682932
155.3990702,62.63657549,5.2,22.49999992682932
155.3990702,62.63657549,11.6,22.49999992682932
155.3990702,62.63657549,8.4,22.49999992682932
154.1744832,65.59299,8.4,22.49999992682932
154.1744832,65.59299,5.2,22.49999992682932
154.1744832,65.59299,11.6,22.49999992682932
154.1744832,65.59299,2.0,22.49999992682932
152.9498962,68.5494045,2.0,22.49999992682932
155.3990702,62.63657549,24.4,22.49999992682932
152.9498962,68.5494045,5.2,22.49999992682932
151.7253092,71.50581901,2.0,22.49999992682932
152.9498962,68.5494045,8.4,22.49999992682932
151.7253092,71.50581901,5.2,22.49999992682932
152.9498962,68.5494045,11.6,22.49999992682932
150.5007222,74.46223351,2.0,22.49999992682932
151.7253092,71.50581901,8.4,22.49999992682932
150.5007222,74.46223351,5.2,22.49999992682932
151.7253092,71.50581901,11.6,22.49999992682932
150.5007222,74.46223351,8.4,22.49999992682932
150.5007222,74.46223351,11.6,22.49999992682932
152.9498962,68.5494045,24.4,22.49999992682932
151.7253092,71.50581901,18.0,22.49999992682932
151.7253092,71.50581901,24.4,22.49999992682932
151.7253092,71.50581901,14.8,22.49999992682932
151.7253092,71.50581901,21.2,22.49999992682932
150.5007222,74.46223351,21.2,22.49999992682932
150.5007222,74.46223351,24.4,22.49999992682932
152.9498962,68.5494045,21.2,22.49999992682932
154.1744832,65.59299,21.2,22.49999992682932
152.9498962,68.5494045,14.8,22.49999992682932
150.5007222,74.46223351,18.0,22.49999992682932
152.9498962,68.5494045,18.0,22.49999992682932
154.1744832,65.59299,24.4,22.49999992682932
150.5007222,74.46223351,14.8,22.49999992682932
136.999349,97.0889798,38.0,31.49999992917151
138.6713444,94.36053127,38.0,31.49999992917151
140.3433398,91.63208275,28.4,31.49999992917151
136.999349,97.0889798,34.8,31.49999992917151
142.0153352,88.90363422,34.8,31.49999992917151
140.3433398,91.63208275,34.8,31.49999992917151
142.0153352,88.90363422,38.0,31.49999992917151
136.999349,97.0889798,28.4,31.49999992917151
138.6713444,94.36053127,31.6,31.49999992917151
142.0153352,88.90363422,28.4,31.49999992917151
138.6713444,94.36053127,34.8,31.49999992917151
142.0153352,88.90363422,31.6,31.49999992917151
140.3433398,91.63208275,38.0,31.49999992917151
140.3433398,91.63208275,31.6,31.49999992917151
136.999349,97.0889798,31.6,31.49999992917151
138.6713444,94.36053127,28.4,31.49999992917151
136.999349,97.0889798,41.2,31.49999992917151
138.6713444,94.36053127,41.2,31.49999992917151
136.999349,97.0889798,44.4,31.49999992917151
138.6713444,94.36053127,44.4,31.49999992917151
136.999349,97.0889798,50.8,31.49999992917151
136.999349,97.0889798,47.6,31.49999992917151
138.6713444,94.36053127,50.8,31.49999992917151
138.6713444,94.36053127,47.6,31.49999992917151
140.3433398,91.63208275,41.2,31.49999992917151
140.3433398,91.63208275,47.6,31.49999992917151
140.3433398,91.63208275,44.4,31.49999992917151
143.6873306,86.17518569,38.0,31.49999992917151
140.3433398,91.63208275,50.8,31.49999992917151
142.0153352,88.90363422,41.2,31.49999992917151
142.0153352,88.90363422,50.8,31.49999992917151
142.0153352,88.90363422,47.6,31.49999992917151
142.0153352,88.90363422,44.4,31.49999992917151
143.6873306,86.17518569,41.2,31.49999992917151
143.6873306,86.17518569,44.4,31.49999992917151
143.6873306,86.17518569,50.8,31.49999992917151
143.6873306,86.17518569,47.6,31.49999992917151
145.359326,83.44673717,50.8,31.49999992917151
143.6873306,86.17518569,34.8,31.49999992917151
145.359326,83.44673717,47.6,31.49999992917151
145.359326,83.44673717,44.4,31.49999992917151
145.359326,83.44673717,41.2,31.49999992917151
147.0313214,80.71828864,47.6,31.49999992917151
147.0313214,80.71828864,50.8,31.49999992917151
148.7033168,77.98984011,50.8,31.49999992917151
147.0313214,80.71828864,41.2,31.49999992917151
148.7033168,77.98984011,47.6,31.49999992917151
147.0313214,80.71828864,44.4,31.49999992917151
148.7033168,77.98984011,41.2,31.49999992917151
148.7033168,77.98984011,44.4,31.49999992917151
145.359326,83.44673717,31.6,31.49999992917151
147.0313214,80.71828864,31.6,31.49999992917151
147.0313214,80.71828864,28.4,31.49999992917151
147.0313214,80.71828864,38.0,31.49999992917151
147.0313214,80.71828864,34.8,31.49999992917151
148.7033168,77.98984011,31.6,31.49999992917151
148.7033168,77.98984011,28.4,31.49999992917151
145.359326,83.44673717,28.4,31.49999992917151
143.6873306,86.17518569,28.4,31.49999992917151
145.359326,83.44673717,38.0,31.49999992917151
148.7033168,77.98984011,34.8,31.49999992917151
145.359326,83.44673717,34.8,31.49999992917151
143.6873306,86.17518569,31.6,31.49999992917151
148.7033168,77.98984011,38.0,31.49999992917151
148.7033168,77.98984011,14.8,31.49999992917151
147.0313214,80.71828864,14.8,31.49999992917151
143.6873306,86.17518569,18.0,31.49999992917151
147.0313214,80.71828864,18.0,31.49999992917151
143.6873306,86.17518569,14.8,31.49999992917151
148.7033168,77.98984011,21.2,31.49999992917151
145.359326,83.44673717,21.2,31.49999992917151
148.7033168,77.98984011,24.4,31.49999992917151
147.0313214,80.71828864,21.2,31.49999992917151
142.0153352,88.90363422,14.8,31.49999992917151
148.7033168,77.98984011,18.0,31.49999992917151
142.0153352,88.90363422,18.0,31.49999992917151
145.359326,83.44673717,14.8,31.49999992917151
145.359326,83.44673717,24.4,31.49999992917151
145.359326,83.44673717,18.0,31.49999992917151
147.0313214,80.71828864,24.4,31.49999992917151
148.7033168,77.98984011,11.6,31.49999992917151
148.7033168,77.98984011,5.2,31.49999992917151
148.7033168,77.98984011,8.4,31.49999992917151
148.7033168,77.98984011,2.0,31.49999992917151
147.0313214,80.71828864,8.4,31.49999992917151
147.0313214,80.71828864,11.6,31.49999992917151
147.0313214,80.71828864,5.2,31.49999992917151
147.0313214,80.71828864,2.0,31.49999992917151
145.359326,83.44673717,11.6,31.49999992917151
145.359326,83.44673717,5.2,31.49999992917151
145.359326,83.44673717,8.4,31.49999992917151
143.6873306,86.17518569,21.2,31.49999992917151
145.359326,83.44673717,2.0,31.49999992917151
143.6873306,86.17518569,2.0,31.49999992917151
143.6873306,86.17518569,5.2,31.49999992917151
143.6873306,86.17518569,11.6,31.49999992917151
143.6873306,86.17518569,8.4,31.49999992917151
142.0153352,88.90363422,8.4,31.49999992917151
142.0153352,88.90363422,5.2,31.49999992917151
142.0153352,88.90363422,11.6,31.49999992917151
142.0153352,88.90363422,2.0,31.49999992917151
140.3433398,91.63208275,2.0,31.49999992917151
143.6873306,86.17518569,24.4,31.49999992917151
140.3433398,91.63208275,5.2,31.49999992917151
138.6713444,94.36053127,2.0,31.49999992917151
140.3433398,91.63208275,8.4,31.49999992917151
138.6713444,94.36053127,5.2,31.49999992917151
140.3433398,91.63208275,11.6,31.49999992917151
136.999349,97.0889798,2.0,31.49999992917151
138.6713444,94.36053127,8.4,31.49999992917151
136.999349,97.0889798,5.2,31.49999992917151
138.6713444,94.36053127,11.6,31.49999992917151
136.999349,97.0889798,8.4,31.49999992917151
136.999349,97.0889798,11.6,31.49999992917151
140.3433398,91.63208275,24.4,31.49999992917151
138.6713444,94.36053127,18.0,31.49999992917151
138.6713444,94.36053127,24.4,31.49999992917151
138.6713444,94.36053127,14.8,31.49999992917151
138.6713444,94.36053127,21.2,31.49999992917151
136.999349,97.0889798,21.2,31.49999992917151
136.999349,97.0889798,24.4,31.49999992917151
140.3433398,91.63208275,21.2,31.49999992917151
142.0153352,88.90363422,21.2,31.49999992917151
140.3433398,91.63208275,14.8,31.49999992917151
136.999349,97.0889798,18.0,31.49999992917151
140.3433398,91.63208275,18.0,31.49999992917151
142.0153352,88.90363422,24.4,31.49999992917151
136.999349,97.0889798,14.8,31.49999992917151
120.124597,117.3250732,38.0,40.49999996471382
122.2028308,114.8917741,38.0,40.49999996471382
124.2810645,112.458475,28.4,40.49999996471382
120.124597,117.3250732,34.8,40.49999996471382
126.3592983,110.0251759,34.8,40.49999996471382
124.2810645,112.458475,34.8,40.49999996471382
126.3592983,110.0251759,38.0,40.49999996471382
120.124597,117.3250732,28.4,40.49999996471382
122.2028308,114.8917741,31.6,40.49999996471382
126.3592983,110.0251759,28.4,40.49999996471382
122.2028308,114.8917741,34.8,40.49999996471382
126.3592983,110.0251759,31.6,40.49999996471382
124.2810645,112.458475,38.0,40.49999996471382
124.2810645,112.458475,31.6,40.49999996471382
120.124597,117.3250732,31.6,40.49999996471382
122.2028308,114.8917741,28.4,40.49999996471382
120.124597,117.3250732,41.2,40.49999996471382
122.2028308,114.8917741,41.2,40.49999996471382
120.124597,117.3250732,44.4,40.49999996471382
122.2028308,114.8917741,44.4,40.49999996471382
120.124597,117.3250732,50.8,40.49999996471382
120.124597,117.3250732,47.6,40.49999996471382
122.2028308,114.8917741,50.8,40.49999996471382
122.2028308,114.8917741,47.6,40.49999996471382
124.2810645,112.458475,41.2,40.49999996471382
124.2810645,112.458475,47.6,40.49999996471382
124.2810645,112.458475,44.4,40.49999996471382
128.4375321,107.5918768,38.0,40.49999996471382
124.2810645,112.458475,50.8,40.49999996471382
126.3592983,110.0251759,41.2,40.49999996471382
126.3592983,110.0251759,50.8,40.49999996471382
126.3592983,110.0251759,47.6,40.49999996471382
126.3592983,110.0251759,44.4,40.49999996471382
128.4375321,107.5918768,41.2,40.49999996471382
128.4375321,107.5918768,44.4,40.49999996471382
128.4375321,107.5918768,50.8,40.49999996471382
128.4375321,107.5918768,47.6,40.49999996471382
130.5157658,105.1585777,50.8,40.49999996471382
128.4375321,107.5918768,34.8,40.49999996471382
130.5157658,105.1585777,47.6,40.49999996471382
130.5157658,105.1585777,44.4,40.49999996471382
130.5157658,105.1585777,41.2,40.49999996471382
132.5939996,102.7252786,47.6,40.49999996471382
132.5939996,102.7252786,50.8,40.49999996471382
134.6722333,100.2919796,50.8,40.49999996471382
132.5939996,102.7252786,41.2,40.49999996471382
134.6722333,100.2919796,47.6,40.49999996471382
132.5939996,102.7252786,44.4,40.49999996471382
134.6722333,100.2919796,41.2,40.49999996471382
134.6722333,100.2919796,44.4,40.49999996471382
130.5157658,105.1585777,31.6,40.49999996471382
132.5939996,102.7252786,31.6,40.49999996471382
132.5939996,102.7252786,28.4,40.49999996471382
132.5939996,102.7252786,38.0,40.49999996471382
132.5939996,102.7252786,34.8,40.49999996471382
134.6722333,100.2919796,31.6,40.49999996471382
134.6722333,100.2919796,28.4,40.49999996471382
130.5157658,105.1585777,28.4,40.49999996471382
128.4375321,107.5918768,28.4,40.49999996471382
130.5157658,105.1585777,38.0,40.49999996471382
134.6722333,100.2919796,34.8,40.49999996471382
130.5157658,105.1585777,34.8,40.49999996471382
128.4375321,107.5918768,31.6,40.49999996471382
134.6722333,100.2919796,38.0,40.49999996471382
134.6722333,100.2919796,14.8,40.49999996471382
132.5939996,102.7252786,14.8,40.49999996471382
128.4375321,107.5918768,18.0,40.49999996471382
132.5939996,102.7252786,18.0,40.49999996471382
128.4375321,107.5918768,14.8,40.49999996471382
134.6722333,100.2919796,21.2,40.49999996471382
130.5157658,105.1585777,21.2,40.49999996471382
134.6722333,100.2919796,24.4,40.49999996471382
132.5939996,102.7252786,21.2,40.49999996471382
126.3592983,110.0251759,14.8,40.49999996471382
134.6722333,100.2919796,18.0,40.49999996471382
126.3592983,110.0251759,18.0,40.49999996471382
130.5157658,105.1585777,14.8,40.49999996471382
130.5157658,105.1585777,24.4,40.49999996471382
130.5157658,105.1585777,18.0,40.49999996471382
132.5939996,102.7252786,24.4,40.49999996471382
134.6722333,100.2919796,11.6,40.49999996471382
134.6722333,100.2919796,5.2,40.49999996471382
134.6722333,100.2919796,8.4,40.49999996471382
134.6722333,100.2919796,2.0,40.49999996471382
132.5939996,102.7252786,8.4,40.49999996471382
132.5939996,102.7252786,11.6,40.49999996471382
132.5939996,102.7252786,5.2,40.49999996471382
132.5939996,102.7252786,2.0,40.49999996471382
130.5157658,105.1585777,11.6,40.49999996471382
130.5157658,105.1585777,5.2,40.49999996471382
130.5157658,105.1585777,8.4,40.49999996471382
128.4375321,107.5918768,21.2,40.49999996471382
130.5157658,105.1585777,2.0,40.49999996471382
128.4375321,107.5918768,2.0,40.49999996471382
128.4375321,107.5918768,5.2,40.49999996471382
128.4375321,107.5918768,11.6,40.49999996471382
128.4375321,107.5918768,8.4,40.49999996471382
126.3592983,110.0251759,8.4,40.49999996471382
126.3592983,110.0251759,5.2,40.49999996471382
126.3592983,110.0251759,11.6,40.49999996471382
126.3592983,110.0251759,2.0,40.49999996471382
124.2810645,112.458475,2.0,40.49999996471382
128.4375321,107.5918768,24.4,40.49999996471382
124.2810645,112.458475,5.2,40.49999996471382
122.2028308,114.8917741,2.0,40.49999996471382
124.2810645,112.458475,8.4,40.49999996471382
122.2028308,114.8917741,5.2,40.49999996471382
124.2810645,112.458475,11.6,40.49999996471382
120.124597,117.3250732,2.0,40.49999996471382
122.2028308,114.8917741,8.4,40.49999996471382
120.124597,117.3250732,5.2,40.49999996471382
122.2028308,114.8917741,11.6,40.49999996471382
120.124597,117.3250732,8.4,40.49999996471382
120.124597,117.3250732,11.6,40.49999996471382
124.2810645,112.458475,24.4,40.49999996471382
122.2028308,114.8917741,18.0,40.49999996471382
122.2028308,114.8917741,24.4,40.49999996471382
122.2028308,114.8917741,14.8,40.49999996471382
122.2028308,114.8917741,21.2,40.49999996471382
120.124597,117.3250732,21.2,40.49999996471382
120.124597,117.3250732,24.4,40.49999996471382
124.2810645,112.458475,21.2,40.49999996471382
126.3592983,110.0251759,21.2,40.49999996471382
124.2810645,112.458475,14.8,40.49999996471382
120.124597,117.3250732,18.0,40.49999996471382
124.2810645,112.458475,18.0,40.49999996471382
126.3592983,110.0251759,24.4,40.49999996471382
120.124597,117.3250732,14.8,40.49999996471382
100.2919789,134.6722339,38.0,49.49999994953006
102.725278,132.5940002,38.0,49.49999994953006
105.1585771,130.5157664,28.4,49.49999994953006
100.2919789,134.6722339,34.8,49.49999994953006
107.5918761,128.4375326,34.8,49.49999994953006
105.1585771,130.5157664,34.8,49.49999994953006
107.5918761,128.4375326,38.0,49.49999994953006
100.2919789,134.6722339,28.4,49.49999994953006
102.725278,132.5940002,31.6,49.49999994953006
107.5918761,128.4375326,28.4,49.49999994953006
102.725278,132.5940002,34.8,49.49999994953006
107.5918761,128.4375326,31.6,49.49999994953006
105.1585771,130.5157664,38.0,49.49999994953006
105.1585771,130.5157664,31.6,49.49999994953006
100.2919789,134.6722339,31.6,49.49999994953006
102.725278,132.5940002,28.4,49.49999994953006
100.2919789,134.6722339,41.2,49.49999994953006
102.725278,132.5940002,41.2,49.49999994953006
100.2919789,134.6722339,44.4,49.49999994953006
102.725278,132.5940002,44.4,49.49999994953006
100.2919789,134.6722339,50.8,49.49999994953006
100.2919789,134.6722339,47.6,49.49999994953006
102.725278,132.5940002,50.8,49.49999994953006
102.725278,132.5940002,47.6,49.49999994953006
105.1585771,130.5157664,41.2,49.49999994953006
105.1585771,130.5157664,47.6,49.49999994953006
105.1585771,130.5157664,44.4,49.49999994953006
110.0251752,126.3592989,38.0,49.49999994953006
105.1585771,130.5157664,50.8,49.49999994953006
107.5918761,128.4375326,41.2,49.49999994953006
107.5918761,128.4375326,50.8,49.49999994953006
107.5918761,128.4375326,47.6,49.49999994953006
107.5918761,128.4375326,44.4,49.49999994953006
110.0251752,126.3592989,41.2,49.49999994953006
110.0251752,126.3592989,44.4,49.49999994953006
110.0251752,126.3592989,50.8,49.49999994953006
110.0251752,126.3592989,47.6,49.49999994953006
112.4584743,124.2810651,50.8,49.49999994953006
110.0251752,126.3592989,34.8,49.49999994953006
112.4584743,124.2810651,47.6,49.49999994953006
112.4584743,124.2810651,44.4,49.49999994953006
112.4584743,124.2810651,41.2,49.49999994953006
114.8917734,122.2028314,47.6,49.49999994953006
114.8917734,122.2028314,50.8,49.49999994953006
117.3250725,120.1245976,50.8,49.49999994953006
114.8917734,122.2028314,41.2,49.49999994953006
117.3250725,120.1245976,47.6,49.49999994953006
114.8917734,122.2028314,44.4,49.49999994953006
117.3250725,120.1245976,41.2,49.49999994953006
117.3250725,120.1245976,44.4,49.49999994953006
112.4584743,124.2810651,31.6,49.49999994953006
114.8917734,122.2028314,31.6,49.49999994953006
114.8917734,122.2028314,28.4,49.49999994953006
114.8917734,122.2028314,38.0,49.49999994953006
114.8917734,122.2028314,34.8,49.49999994953006
117.3250725,120.1245976,31.6,49.49999994953006
117.3250725,120.1245976,28.4,49.49999994953006
112.4584743,124.2810651,28.4,49.49999994953006
110.0251752,126.3592989,28.4,49.49999994953006
112.4584743,124.2810651,38.0,49.49999994953006
117.3250725,120.1245976,34.8,49.49999994953006
112.4584743,124.2810651,34.8,49.49999994953006
110.0251752,126.3592989,31.6,49.49999994953006
117.3250725,120.1245976,38.0,49.49999994953006
117.3250725,120.1245976,14.8,49.49999994953006
114.8917734,122.2028314,14.8,49.49999994953006
110.0251752,126.3592989,18.0,49.49999994953006
114.8917734,122.2028314,18.0,49.49999994953006
110.0251752,126.3592989,14.8,49.49999994953006
117.3250725,120.1245976,21.2,49.49999994953006
112.4584743,124.2810651,21.2,49.49999994953006
117.3250725,120.1245976,24.4,49.49999994953006
114.8917734,122.2028314,21.2,49.49999994953006
107.5918761,128.4375326,14.8,49.49999994953006
117.3250725,120.1245976,18.0,49.49999994953006
107.5918761,128.4375326,18.0,49.49999994953006
112.4584743,124.2810651,14.8,49.49999994953006
112.4584743,124.2810651,24.4,49.49999994953006
112.4584743,124.2810651,18.0,49.49999994953006
114.8917734,122.2028314,24.4,49.49999994953006
117.3250725,120.1245976,11.6,49.49999994953006
117.3250725,120.1245976,5.2,49.49999994953006
117.3250725,120.1245976,8.4,49.49999994953006
117.3250725,120.1245976,2.0,49.49999994953006
114.8917734,122.2028314,8.4,49.49999994953006
114.8917734,122.2028314,11.6,49.49999994953006
114.8917734,122.2028314,5.2,49.49999994953006
114.8917734,122.2028314,2.0,49.49999994953006
112.4584743,124.2810651,11.6,49.49999994953006
112.4584743,124.2810651,5.2,49.49999994953006
112.4584743,124.2810651,8.4,49.49999994953006
110.0251752,126.3592989,21.2,49.49999994953006
112.4584743,124.2810651,2.0,49.49999994953006
110.0251752,126.3592989,2.0,49.49999994953006
110.0251752,126.3592989,5.2,49.49999994953006
110.0251752,126.3592989,11.6,49.49999994953006
110.0251752,126.3592989,8.4,49.49999994953006
107.5918761,128.4375326,8.4,49.49999994953006
107.5918761,128.4375326,5.2,49.49999994953006
107.5918761,128.4375326,11.6,49.49999994953006
107.5918761,128.4375326,2.0,49.49999994953006
105.1585771,130.5157664,2.0,49.49999994953006
110.0251752,126.3592989,24.4,49.49999994953006
105.1585771,130.5157664,5.2,49.49999994953006
102.725278,132.5940002,2.0,49.49999994953006
105.1585771,130.5157664,8.4,49.49999994953006
102.725278,132.5940002,5.2,49.49999994953006
105.1585771,130.5157664,11.6,49.49999994953006
100.2919789,134.6722339,2.0,49.49999994953006
102.725278,132.5940002,8.4,49.49999994953006
100.2919789,134.6722339,5.2,49.49999994953006
102.725278,132.5940002,11.6,49.49999994953006
100.2919789,134.6722339,8.4,49.49999994953006
100.2919789,134.6722339,11.6,49.49999994953006
105.1585771,130.5157664,24.4,49.49999994953006
102.725278,132.5940002,18.0,49.49999994953006
102.725278,132.5940002,24.4,49.49999994953006
102.725278,132.5940002,14.8,49.49999994953006
102.725278,132.5940002,21.2,49.49999994953006
100.2919789,134.6722339,21.2,49.49999994953006
100.2919789,134.6722339,24.4,49.49999994953006
105.1585771,130.5157664,21.2,49.49999994953006
107.5918761,128.4375326,21.2,49.49999994953006
105.1585771,130.5157664,14.8,49.49999994953006
100.2919789,134.6722339,18.0,49.49999994953006
105.1585771,130.5157664,18.0,49.49999994953006
107.5918761,128.4375326,24.4,49.49999994953006
100.2919789,134.6722339,14.8,49.49999994953006
100.2919789,134.6722339,-14.8,49.49999994953006
102.725278,132.5940002,-14.8,49.49999994953006
105.1585771,130.5157664,-24.4,49.49999994953006
100.2919789,134.6722339,-18.0,49.49999994953006
107.5918761,128.4375326,-18.0,49.49999994953006
105.1585771,130.5157664,-18.0,49.49999994953006
107.5918761,128.4375326,-14.8,49.49999994953006
100.2919789,134.6722339,-24.4,49.49999994953006
102.725278,132.5940002,-21.2,49.49999994953006
107.5918761,128.4375326,-24.4,49.49999994953006
102.725278,132.5940002,-18.0,49.49999994953006
107.5918761,128.4375326,-21.2,49.49999994953006
105.1585771,130.5157664,-14.8,49.49999994953006
105.1585771,130.5157664,-21.2,49.49999994953006
100.2919789,134.6722339,-21.2,49.49999994953006
102.725278,132.5940002,-24.4,49.49999994953006
100.2919789,134.6722339,-11.6,49.49999994953006
102.725278,132.5940002,-11.6,49.49999994953006
100.2919789,134.6722339,-8.4,49.49999994953006
102.725278,132.5940002,-8.4,49.49999994953006
100.2919789,134.6722339,-2.0,49.49999994953006
100.2919789,134.6722339,-5.2,49.49999994953006
102.725278,132.5940002,-2.0,49.49999994953006
102.725278,132.5940002,-5.2,49.49999994953006
105.1585771,130.5157664,-11.6,49.49999994953006
105.1585771,130.5157664,-5.2,49.49999994953006
105.1585771,130.5157664,-8.4,49.49999994953006
110.0251752,126.3592989,-14.8,49.49999994953006
105.1585771,130.5157664,-2.0,49.49999994953006
107.5918761,128.4375326,-11.6,49.49999994953006
107.5918761,128.4375326,-2.0,49.49999994953006
107.5918761,128.4375326,-5.2,49.49999994953006
107.5918761,128.4375326,-8.4,49.49999994953006
110.0251752,126.3592989,-11.6,49.49999994953006
110.0251752,126.3592989,-8.4,49.49999994953006
110.0251752,126.3592989,-2.0,49.49999994953006
110.0251752,126.3592989,-5.2,49.49999994953006
112.4584743,124.2810651,-2.0,49.49999994953006
110.0251752,126.3592989,-18.0,49.49999994953006
112.4584743,124.2810651,-5.2,49.49999994953006
112.4584743,124.2810651,-8.4,49.49999994953006
112.4584743,124.2810651,-11.6,49.49999994953006
114.8917734,122.2028314,-5.2,49.49999994953006
114.8917734,122.2028314,-2.0,49.49999994953006
117.3250725,120.1245976,-2.0,49.49999994953006
114.8917734,122.2028314,-11.6,49.49999994953006
117.3250725,120.1245976,-5.2,49.49999994953006
114.8917734,122.2028314,-8.4,49.49999994953006
117.3250725,120.1245976,-11.6,49.49999994953006
117.3250725,120.1245976,-8.4,49.49999994953006
112.4584743,124.2810651,-21.2,49.49999994953006
114.8917734,122.2028314,-21.2,49.49999994953006
114.8917734,122.2028314,-24.4,49.49999994953006
114.8917734,122.2028314,-14.8,49.49999994953006
114.8917734,122.2028314,-18.0,49.49999994953006
117.3250725,120.1245976,-21.2,49.49999994953006
117.3250725,120.1245976,-24.4,49.49999994953006
112.4584743,124.2810651,-24.4,49.49999994953006
110.0251752,126.3592989,-24.4,49.49999994953006
112.4584743,124.2810651,-14.8,49.49999994953006
117.3250725,120.1245976,-18.0,49.49999994953006
112.4584743,124.2810651,-18.0,49.49999994953006
110.0251752,126.3592989,-21.2,49.49999994953006
117.3250725,120.1245976,-14.8,49.49999994953006
117.3250725,120.1245976,-38.0,49.49999994953006
114.8917734,122.2028314,-38.0,49.49999994953006
110.0251752,126.3592989,-34.8,49.49999994953006
114.8917734,122.2028314,-34.8,49.49999994953006
110.0251752,126.3592989,-38.0,49.49999994953006
117.3250725,120.1245976,-31.6,49.49999994953006
112.4584743,124.2810651,-31.6,49.49999994953006
117.3250725,120.1245976,-28.4,49.49999994953006
114.8917734,122.2028314,-31.6,49.49999994953006
107.5918761,128.4375326,-38.0,49.49999994953006
117.3250725,120.1245976,-34.8,49.49999994953006
107.5918761,128.4375326,-34.8,49.49999994953006
112.4584743,124.2810651,-38.0,49.49999994953006
112.4584743,124.2810651,-28.4,49.49999994953006
112.4584743,124.2810651,-34.8,49.49999994953006
114.8917734,122.2028314,-28.4,49.49999994953006
117.3250725,120.1245976,-41.2,49.49999994953006
117.3250725,120.1245976,-47.6,49.49999994953006
117.3250725,120.1245976,-44.4,49.49999994953006
117.3250725,120.1245976,-50.8,49.49999994953006
114.8917734,122.2028314,-44.4,49.49999994953006
114.8917734,122.2028314,-41.2,49.49999994953006
114.8917734,122.2028314,-47.6,49.49999994953006
114.8917734,122.2028314,-50.8,49.49999994953006
112.4584743,124.2810651,-41.2,49.49999994953006
112.4584743,124.2810651,-47.6,49.49999994953006
112.4584743,124.2810651,-44.4,49.49999994953006
110.0251752,126.3592989,-31.6,49.49999994953006
112.4584743,124.2810651,-50.8,49.49999994953006
110.0251752,126.3592989,-50.8,49.49999994953006
110.0251752,126.3592989,-47.6,49.49999994953006
110.0251752,126.3592989,-41.2,49.49999994953006
110.0251752,126.3592989,-44.4,49.49999994953006
107.5918761,128.4375326,-44.4,49.49999994953006
107.5918761,128.4375326,-47.6,49.49999994953006
107.5918761,128.4375326,-41.2,49.49999994953006
107.5918761,128.4375326,-50.8,49.49999994953006
105.1585771,130.5157664,-50.8,49.49999994953006
110.0251752,126.3592989,-28.4,49.49999994953006
105.1585771,130.5157664,-47.6,49.49999994953006
102.725278,132.5940002,-50.8,49.49999994953006
105.1585771,130.5157664,-44.4,49.49999994953006
102.725278,132.5940002,-47.6,49.49999994953006
105.1585771,130.5157664,-41.2,49.49999994953006
100.2919789,134.6722339,-50.8,49.49999994953006
102.725278,132.5940002,-44.4,49.49999994953006
100.2919789,134.6722339,-47.6,49.49999994953006
102.725278,132.5940002,-41.2,49.49999994953006
100.2919789,134.6722339,-44.4,49.49999994953006
100.2919789,134.6722339,-41.2,49.49999994953006
105.1585771,130.5157664,-28.4,49.49999994953006
102.725278,132.5940002,-34.8,49.49999994953006
102.725278,132.5940002,-28.4,49.49999994953006
102.725278,132.5940002,-38.0,49.49999994953006
102.725278,132.5940002,-31.6,49.49999994953006
100.2919789,134.6722339,-31.6,49.49999994953006
100.2919789,134.6722339,-28.4,49.49999994953006
105.1585771,130.5157664,-31.6,49.49999994953006
107.5918761,128.4375326,-31.6,49.49999994953006
105.1585771,130.5157664,-38.0,49.49999994953006
100.2919789,134.6722339,-34.8,49.49999994953006
105.1585771,130.5157664,-34.8,49.49999994953006
107.5918761,128.4375326,-28.4,49.49999994953006
100.2919789,134.6722339,-38.0,49.49999994953006
120.124597,117.3250732,-14.8,40.49999996471382
122.2028308,114.8917741,-14.8,40.49999996471382
124.2810645,112.458475,-24.4,40.49999996471382
120.124597,117.3250732,-18.0,40.49999996471382
126.3592983,110.0251759,-18.0,40.49999996471382
124.2810645,112.458475,-18.0,40.49999996471382
126.3592983,110.0251759,-14.8,40.49999996471382
120.124597,117.3250732,-24.4,40.49999996471382
122.2028308,114.8917741,-21.2,40.49999996471382
126.3592983,110.0251759,-24.4,40.49999996471382
122.2028308,114.8917741,-18.0,40.49999996471382
126.3592983,110.0251759,-21.2,40.49999996471382
124.2810645,112.458475,-14.8,40.49999996471382
124.2810645,112.458475,-21.2,40.49999996471382
120.124597,117.3250732,-21.2,40.49999996471382
122.2028308,114.8917741,-24.4,40.49999996471382
120.124597,117.3250732,-11.6,40.49999996471382
122.2028308,114.8917741,-11.6,40.49999996471382
120.124597,117.3250732,-8.4,40.49999996471382
122.2028308,114.8917741,-8.4,40.49999996471382
120.124597,117.3250732,-2.0,40.49999996471382
120.124597,117.3250732,-5.2,40.49999996471382
122.2028308,114.8917741,-2.0,40.49999996471382
122.2028308,114.8917741,-5.2,40.49999996471382
124.2810645,112.458475,-11.6,40.49999996471382
124.2810645,112.458475,-5.2,40.49999996471382
124.2810645,112.458475,-8.4,40.49999996471382
128.4375321,107.5918768,-14.8,40.49999996471382
124.2810645,112.458475,-2.0,40.49999996471382
126.3592983,110.0251759,-11.6,40.49999996471382
126.3592983,110.0251759,-2.0,40.49999996471382
126.3592983,110.0251759,-5.2,40.49999996471382
126.3592983,110.0251759,-8.4,40.49999996471382
128.4375321,107.5918768,-11.6,40.49999996471382
128.4375321,107.5918768,-8.4,40.49999996471382
128.4375321,107.5918768,-2.0,40.49999996471382
128.4375321,107.5918768,-5.2,40.49999996471382
130.5157658,105.1585777,-2.0,40.49999996471382
128.4375321,107.5918768,-18.0,40.49999996471382
130.5157658,105.1585777,-5.2,40.49999996471382
130.5157658,105.1585777,-8.4,40.49999996471382
130.5157658,105.1585777,-11.6,40.49999996471382
132.5939996,102.7252786,-5.2,40.49999996471382
132.5939996,102.7252786,-2.0,40.49999996471382
134.6722333,100.2919796,-2.0,40.49999996471382
132.5939996,102.7252786,-11.6,40.49999996471382
134.6722333,100.2919796,-5.2,40.49999996471382
132.5939996,102.7252786,-8.4,40.49999996471382
134.6722333,100.2919796,-11.6,40.49999996471382
134.6722333,100.2919796,-8.4,40.49999996471382
130.5157658,105.1585777,-21.2,40.49999996471382
132.5939996,102.7252786,-21.2,40.49999996471382
132.5939996,102.7252786,-24.4,40.49999996471382
132.5939996,102.7252786,-14.8,40.49999996471382
132.5939996,102.7252786,-18.0,40.49999996471382
134.6722333,100.2919796,-21.2,40.49999996471382
134.6722333,100.2919796,-24.4,40.49999996471382
130.5157658,105.1585777,-24.4,40.49999996471382
128.4375321,107.5918768,-24.4,40.49999996471382
130.5157658,105.1585777,-14.8,40.49999996471382
134.6722333,100.2919796,-18.0,40.49999996471382
130.5157658,105.1585777,-18.0,40.49999996471382
128.4375321,107.5918768,-21.2,40.49999996471382
134.6722333,100.2919796,-14.8,40.49999996471382
134.6722333,100.2919796,-38.0,40.49999996471382
132.5939996,102.7252786,-38.0,40.49999996471382
128.4375321,107.5918768,-34.8,40.49999996471382
132.5939996,102.7252786,-34.8,40.49999996471382
128.4375321,107.5918768,-38.0,40.49999996471382
134.6722333,100.2919796,-31.6,40.49999996471382
130.5157658,105.1585777,-31.6,40.49999996471382
134.6722333,100.2919796,-28.4,40.49999996471382
132.5939996,102.7252786,-31.6,40.49999996471382
126.3592983,110.0251759,-38.0,40.49999996471382
134.6722333,100.2919796,-34.8,40.49999996471382
126.3592983,110.0251759,-34.8,40.49999996471382
130.5157658,105.1585777,-38.0,40.49999996471382
130.5157658,105.1585777,-28.4,40.49999996471382
130.5157658,105.1585777,-34.8,40.49999996471382
132.5939996,102.7252786,-28.4,40.49999996471382
134.6722333,100.2919796,-41.2,40.49999996471382
134.6722333,100.2919796,-47.6,40.49999996471382
134.6722333,100.2919796,-44.4,40.49999996471382
134.6722333,100.2919796,-50.8,40.49999996471382
132.5939996,102.7252786,-44.4,40.49999996471382
132.5939996,102.7252786,-41.2,40.49999996471382
132.5939996,102.7252786,-47.6,40.49999996471382
132.5939996,102.7252786,-50.8,40.49999996471382
130.5157658,105.1585777,-41.2,40.49999996471382
130.5157658,105.1585777,-47.6,40.49999996471382
130.5157658,105.1585777,-44.4,40.49999996471382
128.4375321,107.5918768,-31.6,40.49999996471382
130.5157658,105.1585777,-50.8,40.49999996471382
128.4375321,107.5918768,-50.8,40.49999996471382
128.4375321,107.5918768,-47.6,40.49999996471382
128.4375321,107.5918768,-41.2,40.49999996471382
128.4375321,107.5918768,-44.4,40.49999996471382
126.3592983,110.0251759,-44.4,40.49999996471382
126.3592983,110.0251759,-47.6,40.49999996471382
126.3592983,110.0251759,-41.2,40.49999996471382
126.3592983,110.0251759,-50.8,40.49999996471382
124.2810645,112.458475,-50.8,40.49999996471382
128.4375321,107.5918768,-28.4,40.49999996471382
124.2810645,112.458475,-47.6,40.49999996471382
122.2028308,114.8917741,-50.8,40.49999996471382
124.2810645,112.458475,-44.4,40.49999996471382
122.2028308,114.8917741,-47.6,40.49999996471382
124.2810645,112.458475,-41.2,40.49999996471382
120.124597,117.3250732,-50.8,40.49999996471382
122.2028308,114.8917741,-44.4,40.49999996471382
120.124597,117.3250732,-47.6,40.49999996471382
122.2028308,114.8917741,-41.2,40.49999996471382
120.124597,117.3250732,-44.4,40.49999996471382
120.124597,117.3250732,-41.2,40.49999996471382
124.2810645,112.458475,-28.4,40.49999996471382
122.2028308,114.8917741,-34.8,40.49999996471382
122.2028308,114.8917741,-28.4,40.49999996471382
122.2028308,114.8917741,-38.0,40.49999996471382
122.2028308,114.8917741,-31.6,40.49999996471382
120.124597,117.3250732,-31.6,40.49999996471382
120.124597,117.3250732,-28.4,40.49999996471382
124.2810645,112.458475,-31.6,40.49999996471382
126.3592983,110.0251759,-31.6,40.49999996471382
124.2810645,112.458475,-38.0,40.49999996471382
120.124597,117.3250732,-34.8,40.49999996471382
124.2810645,112.458475,-34.8,40.49999996471382
126.3592983,110.0251759,-28.4,40.49999996471382
120.124597,117.3250732,-38.0,40.49999996471382
136.999349,97.0889798,-14.8,31.49999992917151
138.6713444,94.36053127,-14.8,31.49999992917151
140.3433398,91.63208275,-24.4,31.49999992917151
136.999349,97.0889798,-18.0,31.49999992917151
142.0153352,88.90363422,-18.0,31.49999992917151
140.3433398,91.63208275,-18.0,31.49999992917151
142.0153352,88.90363422,-14.8,31.49999992917151
136.999349,97.0889798,-24.4,31.49999992917151
138.6713444,94.36053127,-21.2,31.49999992917151
142.0153352,88.90363422,-24.4,31.49999992917151
138.6713444,94.36053127,-18.0,31.49999992917151
142.0153352,88.90363422,-21.2,31.49999992917151
140.3433398,91.63208275,-14.8,31.49999992917151
140.3433398,91.63208275,-21.2,31.49999992917151
136.999349,97.0889798,-21.2,31.49999992917151
138.6713444,94.36053127,-24.4,31.49999992917151
136.999349,97.0889798,-11.6,31.49999992917151
138.6713444,94.36053127,-11.6,31.49999992917151
136.999349,97.0889798,-8.4,31.49999992917151
138.6713444,94.36053127,-8.4,31.49999992917151
136.999349,97.0889798,-2.0,31.49999992917151
136.999349,97.0889798,-5.2,31.49999992917151
138.6713444,94.36053127,-2.0,31.49999992917151
138.6713444,94.36053127,-5.2,31.49999992917151
140.3433398,91.63208275,-11.6,31.49999992917151
140.3433398,91.63208275,-5.2,31.49999992917151
140.3433398,91.63208275,-8.4,31.49999992917151
143.6873306,86.17518569,-14.8,31.49999992917151
140.3433398,91.63208275,-2.0,31.49999992917151
142.0153352,88.90363422,-11.6,31.49999992917151
142.0153352,88.90363422,-2.0,31.49999992917151
142.0153352,88.90363422,-5.2,31.49999992917151
142.0153352,88.90363422,-8.4,31.49999992917151
143.6873306,86.17518569,-11.6,31.49999992917151
143.6873306,86.17518569,-8.4,31.49999992917151
143.6873306,86.17518569,-2.0,31.49999992917151
143.6873306,86.17518569,-5.2,31.49999992917151
145.359326,83.44673717,-2.0,31.49999992917151
143.6873306,86.17518569,-18.0,31.49999992917151
145.359326,83.44673717,-5.2,31.49999992917151
145.359326,83.44673717,-8.4,31.49999992917151
145.359326,83.44673717,-11.6,31.49999992917151
147.0313214,80.71828864,-5.2,31.49999992917151
147.0313214,80.71828864,-2.0,31.49999992917151
148.7033168,77.98984011,-2.0,31.49999992917151
147.0313214,80.71828864,-11.6,31.49999992917151
148.7033168,77.98984011,-5.2,31.49999992917151
147.0313214,80.71828864,-8.4,31.49999992917151
148.7033168,77.98984011,-11.6,31.49999992917151
148.7033168,77.98984011,-8.4,31.49999992917151
145.359326,83.44673717,-21.2,31.49999992917151
147.0313214,80.71828864,-21.2,31.49999992917151
147.0313214,80.71828864,-24.4,31.49999992917151
147.0313214,80.71828864,-14.8,31.49999992917151
147.0313214,80.71828864,-18.0,31.49999992917151
148.7033168,77.98984011,-21.2,31.49999992917151
148.7033168,77.98984011,-24.4,31.49999992917151
145.359326,83.44673717,-24.4,31.49999992917151
143.6873306,86.17518569,-24.4,31.49999992917151
145.359326,83.44673717,-14.8,31.49999992917151
148.7033168,77.98984011,-18.0,31.49999992917151
145.359326,83.44673717,-18.0,31.49999992917151
143.6873306,86.17518569,-21.2,31.49999992917151
148.7033168,77.98984011,-14.8,31.49999992917151
148.7033168,77.98984011,-38.0,31.49999992917151
147.0313214,80.71828864,-38.0,31.49999992917151
143.6873306,86.17518569,-34.8,31.49999992917151
147.0313214,80.71828864,-34.8,31.49999992917151
143.6873306,86.17518569,-38.0,31.49999992917151
148.7033168,77.98984011,-31.6,31.49999992917151
145.359326,83.44673717,-31.6,31.49999992917151
148.7033168,77.98984011,-28.4,31.49999992917151
147.0313214,80.71828864,-31.6,31.49999992917151
142.0153352,88.90363422,-38.0,31.49999992917151
148.7033168,77.98984011,-34.8,31.49999992917151
142.0153352,88.90363422,-34.8,31.49999992917151
145.359326,83.44673717,-38.0,31.49999992917151
145.359326,83.44673717,-28.4,31.49999992917151
145.359326,83.44673717,-34.8,31.49999992917151
147.0313214,80.71828864,-28.4,31.49999992917151
148.7033168,77.98984011,-41.2,31.49999992917151
148.7033168,77.98984011,-47.6,31.49999992917151
148.7033168,77.98984011,-44.4,31.49999992917151
148.7033168,77.98984011,-50.8,31.49999992917151
147.0313214,80.71828864,-44.4,31.49999992917151
147.0313214,80.71828864,-41.2,31.49999992917151
147.0313214,80.71828864,-47.6,31.49999992917151
147.0313214,80.71828864,-50.8,31.49999992917151
145.359326,83.44673717,-41.2,31.49999992917151
145.359326,83.44673717,-47.6,31.49999992917151
145.359326,83.44673717,-44.4,31.49999992917151
143.6873306,86.17518569,-31.6,31.49999992917151
145.359326,83.44673717,-50.8,31.49999992917151
143.6873306,86.17518569,-50.8,31.49999992917151
143.6873306,86.17518569,-47.6,31.49999992917151
143.6873306,86.17518569,-41.2,31.49999992917151
143.6873306,86.17518569,-44.4,31.49999992917151
142.0153352,88.90363422,-44.4,31.49999992917151
142.0153352,88.90363422,-47.6,31.49999992917151
142.0153352,88.90363422,-41.2,31.49999992917151
142.0153352,88.90363422,-50.8,31.49999992917151
140.3433398,91.63208275,-50.8,31.49999992917151
143.6873306,86.17518569,-28.4,31.49999992917151
140.3433398,91.63208275,-47.6,31.49999992917151
138.6713444,94.36053127,-50.8,31.49999992917151
140.3433398,91.63208275,-44.4,31.49999992917151
138.6713444,94.36053127,-47.6,31.49999992917151
140.3433398,91.63208275,-41.2,31.49999992917151
136.999349,97.0889798,-50.8,31.49999992917151
138.6713444,94.36053127,-44.4,31.49999992917151
136.999349,97.0889798,-47.6,31.49999992917151
138.6713444,94.36053127,-41.2,31.49999992917151
136.999349,97.0889798,-44.4,31.49999992917151
136.999349,97.0889798,-41.2,31.49999992917151
140.3433398,91.63208275,-28.4,31.49999992917151
138.6713444,94.36053127,-34.8,31.49999992917151
138.6713444,94.36053127,-28.4,31.49999992917151
138.6713444,94.36053127,-38.0,31.49999992917151
138.6713444,94.36053127,-31.6,31.49999992917151
136.999349,97.0889798,-31.6,31.49999992917151
136.999349,97.0889798,-28.4,31.49999992917151
140.3433398,91.63208275,-31.6,31.49999992917151
142.0153352,88.90363422,-31.6,31.49999992917151
140.3433398,91.63208275,-38.0,31.49999992917151
136.999349,97.0889798,-34.8,31.49999992917151
140.3433398,91.63208275,-34.8,31.49999992917151
142.0153352,88.90363422,-28.4,31.49999992917151
136.999349,97.0889798,-38.0,31.49999992917151
150.5007222,74.46223351,-14.8,22.49999992682932
151.7253092,71.50581901,-14.8,22.49999992682932
152.9498962,68.5494045,-24.4,22.49999992682932
150.5007222,74.46223351,-18.0,22.49999992682932
154.1744832,65.59299,-18.0,22.49999992682932
152.9498962,68.5494045,-18.0,22.49999992682932
154.1744832,65.59299,-14.8,22.49999992682932
150.5007222,74.46223351,-24.4,22.49999992682932
151.7253092,71.50581901,-21.2,22.49999992682932
154.1744832,65.59299,-24.4,22.49999992682932
151.7253092,71.50581901,-18.0,22.49999992682932
154.1744832,65.59299,-21.2,22.49999992682932
152.9498962,68.5494045,-14.8,22.49999992682932
152.9498962,68.5494045,-21.2,22.49999992682932
150.5007222,74.46223351,-21.2,22.49999992682932
151.7253092,71.50581901,-24.4,22.49999992682932
150.5007222,74.46223351,-11.6,22.49999992682932
151.7253092,71.50581901,-11.6,22.49999992682932
150.5007222,74.46223351,-8.4,22.49999992682932
151.7253092,71.50581901,-8.4,22.49999992682932
150.5007222,74.46223351,-2.0,22.49999992682932
150.5007222,74.46223351,-5.2,22.49999992682932
151.7253092,71.50581901,-2.0,22.49999992682932
151.7253092,71.50581901,-5.2,22.49999992682932
152.9498962,68.5494045,-11.6,22.49999992682932
152.9498962,68.5494045,-5.2,22.49999992682932
152.9498962,68.5494045,-8.4,22.49999992682932
155.3990702,62.63657549,-14.8,22.49999992682932
152.9498962,68.5494045,-2.0,22.49999992682932
154.1744832,65.59299,-11.6,22.49999992682932
154.1744832,65.59299,-2.0,22.49999992682932
154.1744832,65.59299,-5.2,22.49999992682932
154.1744832,65.59299,-8.4,22.49999992682932
155.3990702,62.63657549,-11.6,22.49999992682932
155.3990702,62.63657549,-8.4,22.49999992682932
155.3990702,62.63657549,-2.0,22.49999992682932
155.3990702,62.63657549,-5.2,22.49999992682932
156.6236571,59.68016099,-2.0,22.49999992682932
155.3990702,62.63657549,-18.0,22.49999992682932
156.6236571,59.68016099,-5.2,22.49999992682932
156.6236571,59.68016099,-8.4,22.49999992682932
156.6236571,59.68016099,-11.6,22.49999992682932
157.8482441,56.72374648,-5.2,22.49999992682932
157.8482441,56.72374648,-2.0,22.49999992682932
159.0728311,53.76733198,-2.0,22.49999992682932
157.8482441,56.72374648,-11.6,22.49999992682932
159.0728311,53.76733198,-5.2,22.49999992682932
157.8482441,56.72374648,-8.4,22.49999992682932
159.0728311,53.76733198,-11.6,22.49999992682932
159.0728311,53.76733198,-8.4,22.49999992682932
156.6236571,59.68016099,-21.2,22.49999992682932
157.8482441,56.72374648,-21.2,22.49999992682932
157.8482441,56.72374648,-24.4,22.49999992682932
157.8482441,56.72374648,-14.8,22.49999992682932
157.8482441,56.72374648,-18.0,22.49999992682932
159.0728311,53.76733198,-21.2,22.49999992682932
159.0728311,53.76733198,-24.4,22.49999992682932
156.6236571,59.68016099,-24.4,22.49999992682932
155.3990702,62.63657549,-24.4,22.49999992682932
156.6236571,59.68016099,-14.8,22.49999992682932
159.0728311,53.76733198,-18.0,22.49999992682932
156.6236571,59.68016099,-18.0,22.49999992682932
155.3990702,62.63657549,-21.2,22.49999992682932
159.0728311,53.76733198,-14.8,22.49999992682932
159.0728311,53.76733198,-38.0,22.49999992682932
157.8482441,56.72374648,-38.0,22.49999992682932
155.3990702,62.63657549,-34.8,22.49999992682932
157.8482441,56.72374648,-34.8,22.49999992682932
155.3990702,62.63657549,-38.0,22.49999992682932
159.0728311,53.76733198,-31.6,22.49999992682932
156.6236571,59.68016099,-31.6,22.49999992682932
159.0728311,53.76733198,-28.4,22.49999992682932
157.8482441,56.72374648,-31.6,22.49999992682932
154.1744832,65.59299,-38.0,22.49999992682932
159.0728311,53.76733198,-34.8,22.49999992682932
154.1744832,65.59299,-34.8,22.49999992682932
156.6236571,59.68016099,-38.0,22.49999992682932
156.6236571,59.68016099,-28.4,22.49999992682932
156.6236571,59.68016099,-34.8,22.49999992682932
157.8482441,56.72374648,-28.4,22.49999992682932
159.0728311,53.76733198,-41.2,22.49999992682932
159.0728311,53.76733198,-47.6,22.49999992682932
159.0728311,53.76733198,-44.4,22.49999992682932
159.0728311,53.76733198,-50.8,22.49999992682932
157.8482441,56.72374648,-44.4,22.49999992682932
157.8482441,56.72374648,-41.2,22.49999992682932
157.8482441,56.72374648,-47.6,22.49999992682932
157.8482441,56.72374648,-50.8,22.49999992682932
156.6236571,59.68016099,-41.2,22.49999992682932
156.6236571,59.68016099,-47.6,22.49999992682932
156.6236571,59.68016099,-44.4,22.49999992682932
155.3990702,62.63657549,-31.6,22.49999992682932
156.6236571,59.68016099,-50.8,22.49999992682932
155.3990702,62.63657549,-50.8,22.49999992682932
155.3990702,62.63657549,-47.6,22.49999992682932
155.3990702,62.63657549,-41.2,22.49999992682932
155.3990702,62.63657549,-44.4,22.49999992682932
154.1744832,65.59299,-44.4,22.49999992682932
154.1744832,65.59299,-47.6,22.49999992682932
154.1744832,65.59299,-41.2,22.49999992682932
154.1744832,65.59299,-50.8,22.49999992682932
152.9498962,68.5494045,-50.8,22.49999992682932
155.3990702,62.63657549,-28.4,22.49999992682932
152.9498962,68.5494045,-47.6,22.49999992682932
151.7253092,71.50581901,-50.8,22.49999992682932
152.9498962,68.5494045,-44.4,22.49999992682932
151.7253092,71.50581901,-47.6,22.49999992682932
152.9498962,68.5494045,-41.2,22.49999992682932
150.5007222,74.46223351,-50.8,22.49999992682932
151.7253092,71.50581901,-44.4,22.49999992682932
150.5007222,74.46223351,-47.6,22.49999992682932
151.7253092,71.50581901,-41.2,22.49999992682932
150.5007222,74.46223351,-44.4,22.49999992682932
150.5007222,74.46223351,-41.2,22.49999992682932
152.9498962,68.5494045,-28.4,22.49999992682932
151.7253092,71.50581901,-34.8,22.49999992682932
151.7253092,71.50581901,-28.4,22.49999992682932
151.7253092,71.50581901,-38.0,22.49999992682932
151.7253092,71.50581901,-31.6,22.49999992682932
150.5007222,74.46223351,-31.6,22.49999992682932
150.5007222,74.46223351,-28.4,22.49999992682932
152.9498962,68.5494045,-31.6,22.49999992682932
154.1744832,65.59299,-31.6,22.49999992682932
152.9498962,68.5494045,-38.0,22.49999992682932
150.5007222,74.46223351,-34.8,22.49999992682932
152.9498962,68.5494045,-34.8,22.49999992682932
154.1744832,65.59299,-28.4,22.49999992682932
150.5007222,74.46223351,-38.0,22.49999992682932
-159.0728311,53.76733198,38.0,157.5000000731707
-157.8482441,56.72374648,38.0,157.5000000731707
-156.6236571,59.68016099,28.4,157.5000000731707
-159.0728311,53.76733198,34.8,157.5000000731707
-155.3990702,62.63657549,34.8,157.5000000731707
-156.6236571,59.68016099,34.8,157.5000000731707
-155.3990702,62.63657549,38.0,157.5000000731707
-159.0728311,53.76733198,28.4,157.5000000731707
-157.8482441,56.72374648,31.6,157.5000000731707
-155.3990702,62.63657549,28.4,157.5000000731707
-157.8482441,56.72374648,34.8,157.5000000731707
-155.3990702,62.63657549,31.6,157.5000000731707
-156.6236571,59.68016099,38.0,157.5000000731707
-156.6236571,59.68016099,31.6,157.5000000731707
-159.0728311,53.76733198,31.6,157.5000000731707
-157.8482441,56.72374648,28.4,157.5000000731707
-159.0728311,53.76733198,41.2,157.5000000731707
-157.8482441,56.72374648,41.2,157.5000000731707
-159.0728311,53.76733198,44.4,157.5000000731707
-157.8482441,56.72374648,44.4,157.5000000731707
-159.0728311,53.76733198,50.8,157.5000000731707
-159.0728311,53.76733198,47.6,157.5000000731707
-157.8482441,56.72374648,50.8,157.5000000731707
-157.8482441,56.72374648,47.6,157.5000000731707
-156.6236571,59.68016099,41.2,157.5000000731707
-156.6236571,59.68016099,47.6,157.5000000731707
-156.6236571,59.68016099,44.4,157.5000000731707
-154.1744832,65.59299,38.0,157.5000000731707
-156.6236571,59.68016099,50.8,157.5000000731707
-155.3990702,62.63657549,41.2,157.5000000731707
-155.3990702,62.63657549,50.8,157.5000000731707
-155.3990702,62.63657549,47.6,157.5000000731707
-155.3990702,62.63657549,44.4,157.5000000731707
-154.1744832,65.59299,41.2,157.5000000731707
-154.1744832,65.59299,44.4,157.5000000731707
-154.1744832,65.59299,50.8,157.5000000731707
-154.1744832,65.59299,47.6,157.5000000731707
-152.9498962,68.5494045,50.8,157.5000000731707
-154.1744832,65.59299,34.8,157.5000000731707
-152.9498962,68.5494045,47.6,157.5000000731707
-152.9498962,68.5494045,44.4,157.5000000731707
-152.9498962,68.5494045,41.2,157.5000000731707
-151.7253092,71.50581901,47.6,157.5000000731707
-151.7253092,71.50581901,50.8,157.5000000731707
-150.5007222,74.46223351,50.8,157.5000000731707
-151.7253092,71.50581901,41.2,157.5000000731707
-150.5007222,74.46223351,47.6,157.5000000731707
-151.7253092,71.50581901,44.4,157.5000000731707
-150.5007222,74.46223351,41.2,157.5000000731707
-150.5007222,74.46223351,44.4,157.5000000731707
-152.9498962,68.5494045,31.6,157.5000000731707
-151.7253092,71.50581901,31.6,157.5000000731707
-151.7253092,71.50581901,28.4,157.5000000731707
-151.7253092,71.50581901,38.0,157.5000000731707
-151.7253092,71.50581901,34.8,157.5000000731707
-150.5007222,74.46223351,31.6,157.5000000731707
-150.5007222,74.46223351,28.4,157.5000000731707
-152.9498962,68.5494045,28.4,157.5000000731707
-154.1744832,65.59299,28.4,157.5000000731707
-152.9498962,68.5494045,38.0,157.5000000731707
-150.5007222,74.46223351,34.8,157.5000000731707
-152.9498962,68.5494045,34.8,157.5000000731707
-154.1744832,65.59299,31.6,157.5000000731707
-150.5007222,74.46223351,38.0,157.5000000731707
-150.5007222,74.46223351,14.8,157.5000000731707
-151.7253092,71.50581901,14.8,157.5000000731707
-154.1744832,65.59299,18.0,157.5000000731707
-151.7253092,71.50581901,18.0,157.5000000731707
-154.1744832,65.59299,14.8,157.5000000731707
-150.5007222,74.46223351,21.2,157.5000000731707
-152.9498962,68.5494045,21.2,157.5000000731707
-150.5007222,74.46223351,24.4,157.5000000731707
-151.7253092,71.50581901,21.2,157.5000000731707
-155.3990702,62.63657549,14.8,157.5000000731707
-150.5007222,74.46223351,18.0,157.5000000731707
-155.3990702,62.63657549,18.0,157.5000000731707
-152.9498962,68.5494045,14.8,157.5000000731707
-152.9498962,68.5494045,24.4,157.5000000731707
-152.9498962,68.5494045,18.0,157.5000000731707
-151.7253092,71.50581901,24.4,157.5000000731707
-150.5007222,74.46223351,11.6,157.5000000731707
-150.5007222,74.46223351,5.2,157.5000000731707
-150.5007222,74.46223351,8.4,157.5000000731707
-150.5007222,74.46223351,2.0,157.5000000731707
-151.7253092,71.50581901,8.4,157.5000000731707
-151.7253092,71.50581901,11.6,157.5000000731707
-151.7253092,71.50581901,5.2,157.5000000731707
-151.7253092,71.50581901,2.0,157.5000000731707
-152.9498962,68.5494045,11.6,157.5000000731707
-152.9498962,68.5494045,5.2,157.5000000731707
-152.9498962,68.5494045,8.4,157.5000000731707
-154.1744832,65.59299,21.2,157.5000000731707
-152.9498962,68.5494045,2.0,157.5000000731707
-154.1744832,65.59299,2.0,157.5000000731707
-154.1744832,65.59299,5.2,157.5000000731707
-154.1744832,65.59299,11.6,157.5000000731707
-154.1744832,65.59299,8.4,157.5000000731707
-155.3990702,62.63657549,8.4,157.5000000731707
-155.3990702,62.63657549,5.2,157.5000000731707
-155.3990702,62.63657549,11.6,157.5000000731707
-155.3990702,62.63657549,2.0,157.5000000731707
-156.6236571,59.68016099,2.0,157.5000000731707
-154.1744832,65.59299,24.4,157.5000000731707
-156.6236571,59.68016099,5.2,157.5000000731707
-157.8482441,56.72374648,2.0,157.5000000731707
-156.6236571,59.68016099,8.4,157.5000000731707
-157.8482441,56.72374648,5.2,157.5000000731707
-156.6236571,59.68016099,11.6,157.5000000731707
-159.0728311,53.76733198,2.0,157.5000000731707
-157.8482441,56.72374648,8.4,157.5000000731707
-159.0728311,53.76733198,5.2,157.5000000731707
-157.8482441,56.72374648,11.6,157.5000000731707
-159.0728311,53.76733198,8.4,157.5000000731707
-159.0728311,53.76733198,11.6,157.5000000731707
-156.6236571,59.68016099,24.4,157.5000000731707
-157.8482441,56.72374648,18.0,157.5000000731707
-157.8482441,56.72374648,24.4,157.5000000731707
-157.8482441,56.72374648,14.8,157.5000000731707
-157.8482441,56.72374648,21.2,157.5000000731707
-159.0728311,53.76733198,21.2,157.5000000731707
-159.0728311,53.76733198,24.4,157.5000000731707
-156.6236571,59.68016099,21.2,157.5000000731707
-155.3990702,62.63657549,21.2,157.5000000731707
-156.6236571,59.68016099,14.8,157.5000000731707
-159.0728311,53.76733198,18.0,157.5000000731707
-156.6236571,59.68016099,18.0,157.5000000731707
-155.3990702,62.63657549,24.4,157.5000000731707
-159.0728311,53.76733198,14.8,157.5000000731707
-148.7033168,77.98984011,38.0,148.5000000708285
-147.0313214,80.71828864,38.0,148.5000000708285
-145.359326,83.44673717,28.4,148.5000000708285
-148.7033168,77.98984011,34.8,148.5000000708285
-143.6873306,86.17518569,34.8,148.5000000708285
-145.359326,83.44673717,34.8,148.5000000708285
-143.6873306,86.17518569,38.0,148.5000000708285
-148.7033168,77.98984011,28.4,148.5000000708285
-147.0313214,80.71828864,31.6,148.5000000708285
-143.6873306,86.17518569,28.4,148.5000000708285
-147.0313214,80.71828864,34.8,148.5000000708285
-143.6873306,86.17518569,31.6,148.5000000708285
-145.359326,83.44673717,38.0,148.5000000708285
-145.359326,83.44673717,31.6,148.5000000708285
-148.7033168,77.98984011,31.6,148.5000000708285
-147.0313214,80.71828864,28.4,148.5000000708285
-148.7033168,77.98984011,41.2,148.5000000708285
-147.0313214,80.71828864,41.2,148.5000000708285
-148.7033168,77.98984011,44.4,148.5000000708285
-147.0313214,80.71828864,44.4,148.5000000708285
-148.7033168,77.98984011,50.8,148.5000000708285
-148.7033168,77.98984011,47.6,148.5000000708285
-147.0313214,80.71828864,50.8,148.5000000708285
-147.0313214,80.71828864,47.6,148.5000000708285
-145.359326,83.44673717,41.2,148.5000000708285
-145.359326,83.44673717,47.6,148.5000000708285
-145.359326,83.44673717,44.4,148.5000000708285
-142.0153352,88.90363422,38.0,148.5000000708285
-145.359326,83.44673717,50.8,148.5000000708285
-143.6873306,86.17518569,41.2,148.5000000708285
-143.6873306,86.17518569,50.8,148.5000000708285
-143.6873306,86.17518569,47.6,148.5000000708285
-143.6873306,86.17518569,44.4,148.5000000708285
-142.0153352,88.90363422,41.2,148.5000000708285
-142.0153352,88.90363422,44.4,148.5000000708285
-142.0153352,88.90363422,50.8,148.5000000708285
-142.0153352,88.90363422,47.6,148.5000000708285
-140.3433398,91.63208275,50.8,148.5000000708285
-142.0153352,88.90363422,34.8,148.5000000708285
-140.3433398,91.63208275,47.6,148.5000000708285
-140.3433398,91.63208275,44.4,148.5000000708285
-140.3433398,91.63208275,41.2,148.5000000708285
-138.6713444,94.36053127,47.6,148.5000000708285
-138.6713444,94.36053127,50.8,148.5000000708285
-136.999349,97.0889798,50.8,148.5000000708285
-138.6713444,94.36053127,41.2,148.5000000708285
-136.999349,97.0889798,47.6,148.5000000708285
-138.6713444,94.36053127,44.4,148.5000000708285
-136.999349,97.0889798,41.2,148.5000000708285
-136.999349,97.0889798,44.4,148.5000000708285
-140.3433398,91.63208275,31.6,148.5000000708285
-138.6713444,94.36053127,31.6,148.5000000708285
-138.6713444,94.36053127,28.4,148.5000000708285
-138.6713444,94.36053127,38.0,148.5000000708285
-138.6713444,94.36053127,34.8,148.5000000708285
-136.999349,97.0889798,31.6,148.5000000708285
-136.999349,97.0889798,28.4,148.5000000708285
-140.3433398,91.63208275,28.4,148.5000000708285
-142.0153352,88.90363422,28.4,148.5000000708285
-140.3433398,91.63208275,38.0,148.5000000708285
-136.999349,97.0889798,34.8,148.5000000708285
-140.3433398,91.63208275,34.8,148.5000000708285
-142.0153352,88.90363422,31.6,148.5000000708285
-136.999349,97.0889798,38.0,148.5000000708285
-136.999349,97.0889798,14.8,148.5000000708285
-138.6713444,94.36053127,14.8,148.5000000708285
-142.0153352,88.90363422,18.0,148.5000000708285
-138.6713444,94.36053127,18.0,148.5000000708285
-142.0153352,88.90363422,14.8,148.5000000708285
-136.999349,97.0889798,21.2,148.5000000708285
-140.3433398,91.63208275,21.2,148.5000000708285
-136.999349,97.0889798,24.4,148.5000000708285
-138.6713444,94.36053127,21.2,148.5000000708285
-143.6873306,86.17518569,14.8,148.5000000708285
-136.999349,97.0889798,18.0,148.5000000708285
-143.6873306,86.17518569,18.0,148.5000000708285
-140.3433398,91.63208275,14.8,148.5000000708285
-140.3433398,91.63208275,24.4,148.5000000708285
-140.3433398,91.63208275,18.0,148.5000000708285
-138.6713444,94.36053127,24.4,148.5000000708285
-136.999349,97.0889798,11.6,148.5000000708285
-136.999349,97.0889798,5.2,148.5000000708285
-136.999349,97.0889798,8.4,148.5000000708285
-136.999349,97.0889798,2.0,148.5000000708285
-138.6713444,94.36053127,8.4,148.5000000708285
-138.6713444,94.36053127,11.6,148.5000000708285
-138.6713444,94.36053127,5.2,148.5000000708285
-138.6713444,94.36053127,2.0,148.5000000708285
-140.3433398,91.63208275,11.6,148.5000000708285
-140.3433398,91.63208275,5.2,148.5000000708285
-140.3433398,91.63208275,8.4,148.5000000708285
-142.0153352,88.90363422,21.2,148.5000000708285
-140.3433398,91.63208275,2.0,148.5000000708285
-142.0153352,88.90363422,2.0,148.5000000708285
-142.0153352,88.90363422,5.2,148.5000000708285
-142.0153352,88.90363422,11.6,148.5000000708285
-142.0153352,88.90363422,8.4,148.5000000708285
-143.6873306,86.17518569,8.4,148.5000000708285
-143.6873306,86.17518569,5.2,148.5000000708285
-143.6873306,86.17518569,11.6,148.5000000708285
-143.6873306,86.17518569,2.0,148.5000000708285
-145.359326,83.44673717,2.0,148.5000000708285
-142.0153352,88.90363422,24.4,148.5000000708285
-145.359326,83.44673717,5.2,148.5000000708285
-147.0313214,80.71828864,2.0,148.5000000708285
-145.359326,83.44673717,8.4,148.5000000708285
-147.0313214,80.71828864,5.2,148.5000000708285
-145.359326,83.44673717,11.6,148.5000000708285
-148.7033168,77.98984011,2.0,148.5000000708285
-147.0313214,80.71828864,8.4,148.5000000708285
-148.7033168,77.98984011,5.2,148.5000000708285
-147.0313214,80.71828864,11.6,148.5000000708285
-148.7033168,77.98984011,8.4,148.5000000708285
-148.7033168,77.98984011,11.6,148.5000000708285
-145.359326,83.44673717,24.4,148.5000000708285
-147.0313214,80.71828864,18.0,148.5000000708285
-147.0313214,80.71828864,24.4,148.5000000708285
-147.0313214,80.71828864,14.8,148.5000000708285
-147.0313214,80.71828864,21.2,148.5000000708285
-148.7033168,77.98984011,21.2,148.5000000708285
-148.7033168,77.98984011,24.4,148.5000000708285
-145.359326,83.44673717,21.2,148.5000000708285
-143.6873306,86.17518569,21.2,148.5000000708285
-145.359326,83.44673717,14.8,148.5000000708285
-148.7033168,77.98984011,18.0,148.5000000708285
-145.359326,83.44673717,18.0,148.5000000708285
-143.6873306,86.17518569,24.4,148.5000000708285
-148.7033168,77.98984011,14.8,148.5000000708285
-134.6722333,100.2919796,38.0,139.50000003528618
-132.5939996,102.7252786,38.0,139.50000003528618
-130.5157658,105.1585777,28.4,139.50000003528618
-134.6722333,100.2919796,34.8,139.50000003528618
-128.4375321,107.5918768,34.8,139.50000003528618
-130.5157658,105.1585777,34.8,139.50000003528618
-128.4375321,107.5918768,38.0,139.50000003528618
-134.6722333,100.2919796,28.4,139.50000003528618
-132.5939996,102.7252786,31.6,139.50000003528618
-128.4375321,107.5918768,28.4,139.50000003528618
-132.5939996,102.7252786,34.8,139.50000003528618
-128.4375321,107.5918768,31.6,139.50000003528618
-130.5157658,105.1585777,38.0,139.50000003528618
-130.5157658,105.1585777,31.6,139.50000003528618
-134.6722333,100.2919796,31.6,139.50000003528618
-132.5939996,102.7252786,28.4,139.50000003528618
-134.6722333,100.2919796,41.2,139.50000003528618
-132.5939996,102.7252786,41.2,139.50000003528618
-134.6722333,100.2919796,44.4,139.50000003528618
-132.5939996,102.7252786,44.4,139.50000003528618
-134.6722333,100.2919796,50.8,139.50000003528618
-134.6722333,100.2919796,47.6,139.50000003528618
-132.5939996,102.7252786,50.8,139.50000003528618
-132.5939996,102.7252786,47.6,139.50000003528618
-130.5157658,105.1585777,41.2,139.50000003528618
-130.5157658,105.1585777,47.6,139.50000003528618
-130.5157658,105.1585777,44.4,139.50000003528618
-126.3592983,110.0251759,38.0,139.50000003528618
-130.5157658,105.1585777,50.8,139.50000003528618
-128.4375321,107.5918768,41.2,139.50000003528618
-128.4375321,107.5918768,50.8,139.50000003528618
-128.4375321,107.5918768,47.6,139.50000003528618
-128.4375321,107.5918768,44.4,139.50000003528618
-126.3592983,110.0251759,41.2,139.50000003528618
-126.3592983,110.0251759,44.4,139.50000003528618
-126.3592983,110.0251759,50.8,139.50000003528618
-126.3592983,110.0251759,47.6,139.50000003528618
-124.2810645,112.458475,50.8,139.50000003528618
-126.3592983,110.0251759,34.8,139.50000003528618
-124.2810645,112.458475,47.6,139.50000003528618
-124.2810645,112.458475,44.4,139.50000003528618
-124.2810645,112.458475,41.2,139.50000003528618
-122.2028308,114.8917741,47.6,139.50000003528618
-122.2028308,114.8917741,50.8,139.50000003528618
-120.124597,117.3250732,50.8,139.50000003528618
-122.2028308,114.8917741,41.2,139.50000003528618
-120.124597,117.3250732,47.6,139.50000003528618
-122.2028308,114.8917741,44.4,139.50000003528618
-120.124597,117.3250732,41.2,139.50000003528618
-120.124597,117.3250732,44.4,139.50000003528618
-124.2810645,112.458475,31.6,139.50000003528618
-122.2028308,114.8917741,31.6,139.50000003528618
-122.2028308,114.8917741,28.4,139.50000003528618
-122.2028308,114.8917741,38.0,139.50000003528618
-122.2028308,114.8917741,34.8,139.50000003528618
-120.124597,117.3250732,31.6,139.50000003528618
-120.124597,117.3250732,28.4,139.50000003528618
-124.2810645,112.458475,28.4,139.50000003528618
-126.3592983,110.0251759,28.4,139.50000003528618
-124.2810645,112.458475,38.0,139.50000003528618
-120.124597,117.3250732,34.8,139.50000003528618
-124.2810645,112.458475,34.8,139.50000003528618
-126.3592983,110.0251759,31.6,139.50000003528618
-120.124597,117.3250732,38.0,139.50000003528618
-120.124597,117.3250732,14.8,139.50000003528618
-122.2028308,114.8917741,14.8,139.50000003528618
-126.3592983,110.0251759,18.0,139.50000003528618
-122.2028308,114.8917741,18.0,139.50000003528618
-126.3592983,110.0251759,14.8,139.50000003528618
-120.124597,117.3250732,21.2,139.50000003528618
-124.2810645,112.458475,21.2,139.50000003528618
-120.124597,117.3250732,24.4,139.50000003528618
-122.2028308,114.8917741,21.2,139.50000003528618
-128.4375321,107.5918768,14.8,139.50000003528618
-120.124597,117.3250732,18.0,139.50000003528618
-128.4375321,107.5918768,18.0,139.50000003528618
-124.2810645,112.458475,14.8,139.50000003528618
-124.2810645,112.458475,24.4,139.50000003528618
-124.2810645,112.458475,18.0,139.50000003528618
-122.2028308,114.8917741,24.4,139.50000003528618
-120.124597,117.3250732,11.6,139.50000003528618
-120.124597,117.3250732,5.2,139.50000003528618
-120.124597,117.3250732,8.4,139.50000003528618
-120.124597,117.3250732,2.0,139.50000003528618
-122.2028308,114.8917741,8.4,139.50000003528618
-122.2028308,114.8917741,11.6,139.50000003528618
-122.2028308,114.8917741,5.2,139.50000003528618
-122.2028308,114.8917741,2.0,139.50000003528618
-124.2810645,112.458475,11.6,139.50000003528618
-124.2810645,112.458475,5.2,139.50000003528618
-124.2810645,112.458475,8.4,139.50000003528618
-126.3592983,110.0251759,21.2,139.50000003528618
-124.2810645,112.458475,2.0,139.50000003528618
-126.3592983,110.0251759,2.0,139.50000003528618
-126.3592983,110.0251759,5.2,139.50000003528618
-126.3592983,110.0251759,11.6,139.50000003528618
-126.3592983,110.0251759,8.4,139.50000003528618
-128.4375321,107.5918768,8.4,139.50000003528618
-128.4375321,107.5918768,5.2,139.50000003528618
-128.4375321,107.5918768,11.6,139.50000003528618
-128.4375321,107.5918768,2.0,139.50000003528618
-130.5157658,105.1585777,2.0,139.50000003528618
-126.3592983,110.0251759,24.4,139.50000003528618
-130.5157658,105.1585777,5.2,139.50000003528618
-132.5939996,102.7252786,2.0,139.50000003528618
-130.5157658,105.1585777,8.4,139.50000003528618
-132.5939996,102.7252786,5.2,139.50000003528618
-130.5157658,105.1585777,11.6,139.50000003528618
-134.6722333,100.2919796,2.0,139.50000003528618
-132.5939996,102.7252786,8.4,139.50000003528618
-134.6722333,100.2919796,5.2,139.50000003528618
-132.5939996,102.7252786,11.6,139.50000003528618
-134.6722333,100.2919796,8.4,139.50000003528618
-134.6722333,100.2919796,11.6,139.50000003528618
-130.5157658,105.1585777,24.4,139.50000003528618
-132.5939996,102.7252786,18.0,139.50000003528618
-132.5939996,102.7252786,24.4,139.50000003528618
-132.5939996,102.7252786,14.8,139.50000003528618
-132.5939996,102.7252786,21.2,139.50000003528618
-134.6722333,100.2919796,21.2,139.50000003528618
-134.6722333,100.2919796,24.4,139.50000003528618
-130.5157658,105.1585777,21.2,139.50000003528618
-128.4375321,107.5918768,21.2,139.50000003528618
-130.5157658,105.1585777,14.8,139.50000003528618
-134.6722333,100.2919796,18.0,139.50000003528618
-130.5157658,105.1585777,18.0,139.50000003528618
-128.4375321,107.5918768,24.4,139.50000003528618
-134.6722333,100.2919796,14.8,139.50000003528618
-117.3250725,120.1245976,38.0,130.50000005046996
-114.8917734,122.2028314,38.0,130.50000005046996
-112.4584743,124.2810651,28.4,130.50000005046996
-117.3250725,120.1245976,34.8,130.50000005046996
-110.0251752,126.3592989,34.8,130.50000005046996
-112.4584743,124.2810651,34.8,130.50000005046996
-110.0251752,126.3592989,38.0,130.50000005046996
-117.3250725,120.1245976,28.4,130.50000005046996
-114.8917734,122.2028314,31.6,130.50000005046996
-110.0251752,126.3592989,28.4,130.50000005046996
-114.8917734,122.2028314,34.8,130.50000005046996
-110.0251752,126.3592989,31.6,130.50000005046996
-112.4584743,124.2810651,38.0,130.50000005046996
-112.4584743,124.2810651,31.6,130.50000005046996
-117.3250725,120.1245976,31.6,130.50000005046996
-114.8917734,122.2028314,28.4,130.50000005046996
-117.3250725,120.1245976,41.2,130.50000005046996
-114.8917734,122.2028314,41.2,130.50000005046996
-117.3250725,120.1245976,44.4,130.50000005046996
-114.8917734,122.2028314,44.4,130.50000005046996
-117.3250725,120.1245976,50.8,130.50000005046996
-117.3250725,120.1245976,47.6,130.50000005046996
-114.8917734,122.2028314,50.8,130.50000005046996
-114.8917734,122.2028314,47.6,130.50000005046996
-112.4584743,124.2810651,41.2,130.50000005046996
-112.4584743,124.2810651,47.6,130.50000005046996
-112.4584743,124.2810651,44.4,130.50000005046996
-107.5918761,128.4375326,38.0,130.50000005046996
-112.4584743,124.2810651,50.8,130.50000005046996
-110.0251752,126.3592989,41.2,130.50000005046996
-110.0251752,126.3592989,50.8,130.50000005046996
-110.0251752,126.3592989,47.6,130.50000005046996
-110.0251752,126.3592989,44.4,130.50000005046996
-107.5918761,128.4375326,41.2,130.50000005046996
-107.5918761,128.4375326,44.4,130.50000005046996
-107.5918761,128.4375326,50.8,130.50000005046996
-107.5918761,128.4375326,47.6,130.50000005046996
-105.1585771,130.5157664,50.8,130.50000005046996
-107.5918761,128.4375326,34.8,130.50000005046996
-105.1585771,130.5157664,47.6,130.50000005046996
-105.1585771,130.5157664,44.4,130.50000005046996
-105.1585771,130.5157664,41.2,130.50000005046996
-102.725278,132.5940002,47.6,130.50000005046996
-102.725278,132.5940002,50.8,130.50000005046996
-100.2919789,134.6722339,50.8,130.50000005046996
-102.725278,132.5940002,41.2,130.50000005046996
-100.2919789,134.6722339,47.6,130.50000005046996
-102.725278,132.5940002,44.4,130.50000005046996
-100.2919789,134.6722339,41.2,130.50000005046996
-100.2919789,134.6722339,44.4,130.50000005046996
-105.1585771,130.5157664,31.6,130.50000005046996
-102.725278,132.5940002,31.6,130.50000005046996
-102.725278,132.5940002,28.4,130.50000005046996
-102.725278,132.5940002,38.0,130.50000005046996
-102.725278,132.5940002,34.8,130.50000005046996
-100.2919789,134.6722339,31.6,130.50000005046996
-100.2919789,134.6722339,28.4,130.50000005046996
-105.1585771,130.5157664,28.4,130.50000005046996
-107.5918761,128.4375326,28.4,130.50000005046996
-105.1585771,130.5157664,38.0,130.50000005046996
-100.2919789,134.6722339,34.8,130.50000005046996
-105.1585771,130.5157664,34.8,130.50000005046996
-107.5918761,128.4375326,31.6,130.50000005046996
-100.2919789,134.6722339,38.0,130.50000005046996
-100.2919789,134.6722339,14.8,130.50000005046996
-102.725278,132.5940002,14.8,130.50000005046996
-107.5918761,128.4375326,18.0,130.50000005046996
-102.725278,132.5940002,18.0,130.50000005046996
-107.5918761,128.4375326,14.8,130.50000005046996
-100.2919789,134.6722339,21.2,130.50000005046996
-105.1585771,130.5157664,21.2,130.50000005046996
-100.2919789,134.6722339,24.4,130.50000005046996
-102.725278,132.5940002,21.2,130.50000005046996
-110.0251752,126.3592989,14.8,130.50000005046996
-100.2919789,134.6722339,18.0,130.50000005046996
-110.0251752,126.3592989,18.0,130.50000005046996
-105.1585771,130.5157664,14.8,130.50000005046996
-105.1585771,130.5157664,24.4,130.50000005046996
-105.1585771,130.5157664,18.0,130.50000005046996
-102.725278,132.5940002,24.4,130.50000005046996
-100.2919789,134.6722339,11.6,130.50000005046996
-100.2919789,134.6722339,5.2,130.50000005046996
-100.2919789,134.6722339,8.4,130.50000005046996
-100.2919789,134.6722339,2.0,130.50000005046996
-102.725278,132.5940002,8.4,130.50000005046996
-102.725278,132.5940002,11.6,130.50000005046996
-102.725278,132.5940002,5.2,130.50000005046996
-102.725278,132.5940002,2.0,130.50000005046996
-105.1585771,130.5157664,11.6,130.50000005046996
-105.1585771,130.5157664,5.2,130.50000005046996
-105.1585771,130.5157664,8.4,130.50000005046996
-107.5918761,128.4375326,21.2,130.50000005046996
-105.1585771,130.5157664,2.0,130.50000005046996
-107.5918761,128.4375326,2.0,130.50000005046996
-107.5918761,128.4375326,5.2,130.50000005046996
-107.5918761,128.4375326,11.6,130.50000005046996
-107.5918761,128.4375326,8.4,130.50000005046996
-110.0251752,126.3592989,8.4,130.50000005046996
-110.0251752,126.3592989,5.2,130.50000005046996
-110.0251752,126.3592989,11.6,130.50000005046996
-110.0251752,126.3592989,2.0,130.50000005046996
-112.4584743,124.2810651,2.0,130.50000005046996
-107.5918761,128.4375326,24.4,130.50000005046996
-112.4584743,124.2810651,5.2,130.50000005046996
-114.8917734,122.2028314,2.0,130.50000005046996
-112.4584743,124.2810651,8.4,130.50000005046996
-114.8917734,122.2028314,5.2,130.50000005046996
-112.4584743,124.2810651,11.6,130.50000005046996
-117.3250725,120.1245976,2.0,130.50000005046996
-114.8917734,122.2028314,8.4,130.50000005046996
-117.3250725,120.1245976,5.2,130.50000005046996
-114.8917734,122.2028314,11.6,130.50000005046996
-117.3250725,120.1245976,8.4,130.50000005046996
-117.3250725,120.1245976,11.6,130.50000005046996
-112.4584743,124.2810651,24.4,130.50000005046996
-114.8917734,122.2028314,18.0,130.50000005046996
-114.8917734,122.2028314,24.4,130.50000005046996
-114.8917734,122.2028314,14.8,130.50000005046996
-114.8917734,122.2028314,21.2,130.50000005046996
-117.3250725,120.1245976,21.2,130.50000005046996
-117.3250725,120.1245976,24.4,130.50000005046996
-112.4584743,124.2810651,21.2,130.50000005046996
-110.0251752,126.3592989,21.2,130.50000005046996
-112.4584743,124.2810651,14.8,130.50000005046996
-117.3250725,120.1245976,18.0,130.50000005046996
-112.4584743,124.2810651,18.0,130.50000005046996
-110.0251752,126.3592989,24.4,130.50000005046996
-117.3250725,120.1245976,14.8,130.50000005046996
-117.3250725,120.1245976,-14.8,130.50000005046996
-114.8917734,122.2028314,-14.8,130.50000005046996
-112.4584743,124.2810651,-24.4,130.50000005046996
-117.3250725,120.1245976,-18.0,130.50000005046996
-110.0251752,126.3592989,-18.0,130.50000005046996
-112.4584743,124.2810651,-18.0,130.50000005046996
-110.0251752,126.3592989,-14.8,130.50000005046996
-117.3250725,120.1245976,-24.4,130.50000005046996
-114.8917734,122.2028314,-21.2,130.50000005046996
-110.0251752,126.3592989,-24.4,130.50000005046996
-114.8917734,122.2028314,-18.0,130.50000005046996
-110.0251752,126.3592989,-21.2,130.50000005046996
-112.4584743,124.2810651,-14.8,130.50000005046996
-112.4584743,124.2810651,-21.2,130.50000005046996
-117.3250725,120.1245976,-21.2,130.50000005046996
-114.8917734,122.2028314,-24.4,130.50000005046996
-117.3250725,120.1245976,-11.6,130.50000005046996
-114.8917734,122.2028314,-11.6,130.50000005046996
-117.3250725,120.1245976,-8.4,130.50000005046996
-114.8917734,122.2028314,-8.4,130.50000005046996
-117.3250725,120.1245976,-2.0,130.50000005046996
-117.3250725,120.1245976,-5.2,130.50000005046996
-114.8917734,122.2028314,-2.0,130.50000005046996
-114.8917734,122.2028314,-5.2,130.50000005046996
-112.4584743,124.2810651,-11.6,130.50000005046996
-112.4584743,124.2810651,-5.2,130.50000005046996
-112.4584743,124.2810651,-8.4,130.50000005046996
-107.5918761,128.4375326,-14.8,130.50000005046996
-112.4584743,124.2810651,-2.0,130.50000005046996
-110.0251752,126.3592989,-11.6,130.50000005046996
-110.0251752,126.3592989,-2.0,130.50000005046996
-110.0251752,126.3592989,-5.2,130.50000005046996
-110.0251752,126.3592989,-8.4,130.50000005046996
-107.5918761,128.4375326,-11.6,130.50000005046996
-107.5918761,128.4375326,-8.4,130.50000005046996
-107.5918761,128.4375326,-2.0,130.50000005046996
-107.5918761,128.4375326,-5.2,130.50000005046996
-105.1585771,130.5157664,-2.0,130.50000005046996
-107.5918761,128.4375326,-18.0,130.50000005046996
-105.1585771,130.5157664,-5.2,130.50000005046996
-105.1585771,130.5157664,-8.4,130.50000005046996
-105.1585771,130.5157664,-11.6,130.50000005046996
-102.725278,132.5940002,-5.2,130.50000005046996
-102.725278,132.5940002,-2.0,130.50000005046996
-100.2919789,134.6722339,-2.0,130.50000005046996
-102.725278,132.5940002,-11.6,130.50000005046996
-100.2919789,134.6722339,-5.2,130.50000005046996
-102.725278,132.5940002,-8.4,130.50000005046996
-100.2919789,134.6722339,-11.6,130.50000005046996
-100.2919789,134.6722339,-8.4,130.50000005046996
-105.1585771,130.5157664,-21.2,130.50000005046996
-102.725278,132.5940002,-21.2,130.50000005046996
-102.725278,132.5940002,-24.4,130.50000005046996
-102.725278,132.5940002,-14.8,130.50000005046996
-102.725278,132.5940002,-18.0,130.50000005046996
-100.2919789,134.6722339,-21.2,130.50000005046996
-100.2919789,134.6722339,-24.4,130.50000005046996
-105.1585771,130.5157664,-24.4,130.50000005046996
-107.5918761,128.4375326,-24.4,130.50000005046996
-105.1585771,130.5157664,-14.8,130.50000005046996
-100.2919789,134.6722339,-18.0,130.50000005046996
-105.1585771,130.5157664,-18.0,130.50000005046996
-107.5918761,128.4375326,-21.2,130.50000005046996
-100.2919789,134.6722339,-14.8,130.50000005046996
-100.2919789,134.6722339,-38.0,130.50000005046996
-102.725278,132.5940002,-38.0,130.50000005046996
-107.5918761,128.4375326,-34.8,130.50000005046996
-102.725278,132.5940002,-34.8,130.50000005046996
-107.5918761,128.4375326,-38.0,130.50000005046996
-100.2919789,134.6722339,-31.6,130.50000005046996
-105.1585771,130.5157664,-31.6,130.50000005046996
-100.2919789,134.6722339,-28.4,130.50000005046996
-102.725278,132.5940002,-31.6,130.50000005046996
-110.0251752,126.3592989,-38.0,130.50000005046996
-100.2919789,134.6722339,-34.8,130.50000005046996
-110.0251752,126.3592989,-34.8,130.50000005046996
-105.1585771,130.5157664,-38.0,130.50000005046996
-105.1585771,130.5157664,-28.4,130.50000005046996
-105.1585771,130.5157664,-34.8,130.50000005046996
-102.725278,132.5940002,-28.4,130.50000005046996
-100.2919789,134.6722339,-41.2,130.50000005046996
-100.2919789,134.6722339,-47.6,130.50000005046996
-100.2919789,134.6722339,-44.4,130.50000005046996
-100.2919789,134.6722339,-50.8,130.50000005046996
-102.725278,132.5940002,-44.4,130.50000005046996
-102.725278,132.5940002,-41.2,130.50000005046996
-102.725278,132.5940002,-47.6,130.50000005046996
-102.725278,132.5940002,-50.8,130.50000005046996
-105.1585771,130.5157664,-41.2,130.50000005046996
-105.1585771,130.5157664,-47.6,130.50000005046996
-105.1585771,130.5157664,-44.4,130.50000005046996
-107.5918761,128.4375326,-31.6,130.50000005046996
-105.1585771,130.5157664,-50.8,130.50000005046996
-107.5918761,128.4375326,-50.8,130.50000005046996
-107.5918761,128.4375326,-47.6,130.50000005046996
-107.5918761,128.4375326,-41.2,130.50000005046996
-107.5918761,128.4375326,-44.4,130.50000005046996
-110.0251752,126.3592989,-44.4,130.50000005046996
-110.0251752,126.3592989,-47.6,130.50000005046996
-110.0251752,126.3592989,-41.2,130.50000005046996
-110.0251752,126.3592989,-50.8,130.50000005046996
-112.4584743,124.2810651,-50.8,130.50000005046996
-107.5918761,128.4375326,-28.4,130.50000005046996
-112.4584743,124.2810651,-47.6,130.50000005046996
-114.8917734,122.2028314,-50.8,130.50000005046996
-112.4584743,124.2810651,-44.4,130.50000005046996
-114.8917734,122.2028314,-47.6,130.50000005046996
-112.4584743,124.2810651,-41.2,130.50000005046996
-117.3250725,120.1245976,-50.8,130.50000005046996
-114.8917734,122.2028314,-44.4,130.50000005046996
-117.3250725,120.1245976,-47.6,130.50000005046996
-114.8917734,122.2028314,-41.2,130.50000005046996
-117.3250725,120.1245976,-44.4,130.50000005046996
-117.3250725,120.1245976,-41.2,130.50000005046996
-112.4584743,124.2810651,-28.4,130.50000005046996
-114.8917734,122.2028314,-34.8,130.50000005046996
-114.8917734,122.2028314,-28.4,130.50000005046996
-114.8917734,122.2028314,-38.0,130.50000005046996
-114.8917734,122.2028314,-31.6,130.50000005046996
-117.3250725,120.1245976,-31.6,130.50000005046996
-117.3250725,120.1245976,-28.4,130.50000005046996
-112.4584743,124.2810651,-31.6,130.50000005046996
-110.0251752,126.3592989,-31.6,130.50000005046996
-112.4584743,124.2810651,-38.0,130.50000005046996
-117.3250725,120.1245976,-34.8,130.50000005046996
-112.4584743,124.2810651,-34.8,130.50000005046996
-110.0251752,126.3592989,-28.4,130.50000005046996
-117.3250725,120.1245976,-38.0,130.50000005046996
-134.6722333,100.2919796,-14.8,139.50000003528618
-132.5939996,102.7252786,-14.8,139.50000003528618
-130.5157658,105.1585777,-24.4,139.50000003528618
-134.6722333,100.2919796,-18.0,139.50000003528618
-128.4375321,107.5918768,-18.0,139.50000003528618
-130.5157658,105.1585777,-18.0,139.50000003528618
-128.4375321,107.5918768,-14.8,139.50000003528618
-134.6722333,100.2919796,-24.4,139.50000003528618
-132.5939996,102.7252786,-21.2,139.50000003528618
-128.4375321,107.5918768,-24.4,139.50000003528618
-132.5939996,102.7252786,-18.0,139.50000003528618
-128.4375321,107.5918768,-21.2,139.50000003528618
-130.5157658,105.1585777,-14.8,139.50000003528618
-130.5157658,105.1585777,-21.2,139.50000003528618
-134.6722333,100.2919796,-21.2,139.50000003528618
-132.5939996,102.7252786,-24.4,139.50000003528618
-134.6722333,100.2919796,-11.6,139.50000003528618
-132.5939996,102.7252786,-11.6,139.50000003528618
-134.6722333,100.2919796,-8.4,139.50000003528618
-132.5939996,102.7252786,-8.4,139.50000003528618
-134.6722333,100.2919796,-2.0,139.50000003528618
-134.6722333,100.2919796,-5.2,139.50000003528618
-132.5939996,102.7252786,-2.0,139.50000003528618
-132.5939996,102.7252786,-5.2,139.50000003528618
-130.5157658,105.1585777,-11.6,139.50000003528618
-130.5157658,105.1585777,-5.2,139.50000003528618
-130.5157658,105.1585777,-8.4,139.50000003528618
-126.3592983,110.0251759,-14.8,139.50000003528618
-130.5157658,105.1585777,-2.0,139.50000003528618
-128.4375321,107.5918768,-11.6,139.50000003528618
-128.4375321,107.5918768,-2.0,139.50000003528618
-128.4375321,107.5918768,-5.2,139.50000003528618
-128.4375321,107.5918768,-8.4,139.50000003528618
-126.3592983,110.0251759,-11.6,139.50000003528618
-126.3592983,110.0251759,-8.4,139.50000003528618
-126.3592983,110.0251759,-2.0,139.50000003528618
-126.3592983,110.0251759,-5.2,139.50000003528618
-124.2810645,112.458475,-2.0,139.50000003528618
-126.3592983,110.0251759,-18.0,139.50000003528618
-124.2810645,112.458475,-5.2,139.50000003528618
-124.2810645,112.458475,-8.4,139.50000003528618
-124.2810645,112.458475,-11.6,139.50000003528618
-122.2028308,114.8917741,-5.2,139.50000003528618
-122.2028308,114.8917741,-2.0,139.50000003528618
-120.124597,117.3250732,-2.0,139.50000003528618
-122.2028308,114.8917741,-11.6,139.50000003528618
-120.124597,117.3250732,-5.2,139.50000003528618
-122.2028308,114.8917741,-8.4,139.50000003528618
-120.124597,117.3250732,-11.6,139.50000003528618
-120.124597,117.3250732,-8.4,139.50000003528618
-124.2810645,112.458475,-21.2,139.50000003528618
-122.2028308,114.8917741,-21.2,139.50000003528618
-122.2028308,114.8917741,-24.4,139.50000003528618
-122.2028308,114.8917741,-14.8,139.50000003528618
-122.2028308,114.8917741,-18.0,139.50000003528618
-120.124597,117.3250732,-21.2,139.50000003528618
-120.124597,117.3250732,-24.4,139.50000003528618
-124.2810645,112.458475,-24.4,139.50000003528618
-126.3592983,110.0251759,-24.4,139.50000003528618
-124.2810645,112.458475,-14.8,139.50000003528618
-120.124597,117.3250732,-18.0,139.50000003528618
-124.2810645,112.458475,-18.0,139.50000003528618
-126.3592983,110.0251759,-21.2,139.50000003528618
-120.124597,117.3250732,-14.8,139.50000003528618
-120.124597,117.3250732,-38.0,139.50000003528618
-122.2028308,114.8917741,-38.0,139.50000003528618
-126.3592983,110.0251759,-34.8,139.50000003528618
-122.2028308,114.8917741,-34.8,139.50000003528618
-126.3592983,110.0251759,-38.0,139.50000003528618
-120.124597,117.3250732,-31.6,139.50000003528618
-124.2810645,112.458475,-31.6,139.50000003528618
-120.124597,117.3250732,-28.4,139.50000003528618
-122.2028308,114.8917741,-31.6,139.50000003528618
-128.4375321,107.5918768,-38.0,139.50000003528618
-120.124597,117.3250732,-34.8,139.50000003528618
-128.4375321,107.5918768,-34.8,139.50000003528618
-124.2810645,112.458475,-38.0,139.50000003528618
-124.2810645,112.458475,-28.4,139.50000003528618
-124.2810645,112.458475,-34.8,139.50000003528618
-122.2028308,114.8917741,-28.4,139.50000003528618
-120.124597,117.3250732,-41.2,139.50000003528618
-120.124597,117.3250732,-47.6,139.50000003528618
-120.124597,117.3250732,-44.4,139.50000003528618
-120.124597,117.3250732,-50.8,139.50000003528618
-122.2028308,114.8917741,-44.4,139.50000003528618
-122.2028308,114.8917741,-41.2,139.50000003528618
-122.2028308,114.8917741,-47.6,139.50000003528618
-122.2028308,114.8917741,-50.8,139.50000003528618
-124.2810645,112.458475,-41.2,139.50000003528618
-124.2810645,112.458475,-47.6,139.50000003528618
-124.2810645,112.458475,-44.4,139.50000003528618
-126.3592983,110.0251759,-31.6,139.50000003528618
-124.2810645,112.458475,-50.8,139.50000003528618
-126.3592983,110.0251759,-50.8,139.50000003528618
-126.3592983,110.0251759,-47.6,139.50000003528618
-126.3592983,110.0251759,-41.2,139.50000003528618
-126.3592983,110.0251759,-44.4,139.50000003528618
-128.4375321,107.5918768,-44.4,139.50000003528618
-128.4375321,107.5918768,-47.6,139.50000003528618
-128.4375321,107.5918768,-41.2,139.50000003528618
-128.4375321,107.5918768,-50.8,139.50000003528618
-130.5157658,105.1585777,-50.8,139.50000003528618
-126.3592983,110.0251759,-28.4,139.50000003528618
-130.5157658,105.1585777,-47.6,139.50000003528618
-132.5939996,102.7252786,-50.8,139.50000003528618
-130.5157658,105.1585777,-44.4,139.50000003528618
-132.5939996,102.7252786,-47.6,139.50000003528618
-130.5157658,105.1585777,-41.2,139.50000003528618
-134.6722333,100.2919796,-50.8,139.50000003528618
-132.5939996,102.7252786,-44.4,139.50000003528618
-134.6722333,100.2919796,-47.6,139.50000003528618
-132.5939996,102.7252786,-41.2,139.50000003528618
-134.6722333,100.2919796,-44.4,139.50000003528618
-134.6722333,100.2919796,-41.2,139.50000003528618
-130.5157658,105.1585777,-28.4,139.50000003528618
-132.5939996,102.7252786,-34.8,139.50000003528618
-132.5939996,102.7252786,-28.4,139.50000003528618
-132.5939996,102.7252786,-38.0,139.50000003528618
-132.5939996,102.7252786,-31.6,139.50000003528618
-134.6722333,100.2919796,-31.6,139.50000003528618
-134.6722333,100.2919796,-28.4,139.50000003528618
-130.5157658,105.1585777,-31.6,139.50000003528618
-128.4375321,107.5918768,-31.6,139.50000003528618
-130.5157658,105.1585777,-38.0,139.50000003528618
-134.6722333,100.2919796,-34.8,139.50000003528618
-130.5157658,105.1585777,-34.8,139.50000003528618
-128.4375321,107.5918768,-28.4,139.50000003528618
-134.6722333,100.2919796,-38.0,139.50000003528618
-148.7033168,77.98984011,-14.8,148.5000000708285
-147.0313214,80.71828864,-14.8,148.5000000708285
-145.359326,83.44673717,-24.4,148.5000000708285
-148.7033168,77.98984011,-18.0,148.5000000708285
-143.6873306,86.17518569,-18.0,148.5000000708285
-145.359326,83.44673717,-18.0,148.5000000708285
-143.6873306,86.17518569,-14.8,148.5000000708285
-148.7033168,77.98984011,-24.4,148.5000000708285
-147.0313214,80.71828864,-21.2,148.5000000708285
-143.6873306,86.17518569,-24.4,148.5000000708285
-147.0313214,80.71828864,-18.0,148.5000000708285
-143.6873306,86.17518569,-21.2,148.5000000708285
-145.359326,83.44673717,-14.8,148.5000000708285
-145.359326,83.44673717,-21.2,148.5000000708285
-148.7033168,77.98984011,-21.2,148.5000000708285
-147.0313214,80.71828864,-24.4,148.5000000708285
-148.7033168,77.98984011,-11.6,148.5000000708285
-147.0313214,80.71828864,-11.6,148.5000000708285
-148.7033168,77.98984011,-8.4,148.5000000708285
-147.0313214,80.71828864,-8.4,148.5000000708285
-148.7033168,77.98984011,-2.0,148.5000000708285
-148.7033168,77.98984011,-5.2,148.5000000708285
-147.0313214,80.71828864,-2.0,148.5000000708285
-147.0313214,80.71828864,-5.2,148.5000000708285
-145.359326,83.44673717,-11.6,148.5000000708285
-145.359326,83.44673717,-5.2,148.5000000708285
-145.359326,83.44673717,-8.4,148.5000000708285
-142.0153352,88.90363422,-14.8,148.5000000708285
-145.359326,83.44673717,-2.0,148.5000000708285
-143.6873306,86.17518569,-11.6,148.5000000708285
-143.6873306,86.17518569,-2.0,148.5000000708285
-143.6873306,86.17518569,-5.2,148.5000000708285
-143.6873306,86.17518569,-8.4,148.5000000708285
-142.0153352,88.90363422,-11.6,148.5000000708285
-142.0153352,88.90363422,-8.4,148.5000000708285
-142.0153352,88.90363422,-2.0,148.5000000708285
-142.0153352,88.90363422,-5.2,148.5000000708285
-140.3433398,91.63208275,-2.0,148.5000000708285
-142.0153352,88.90363422,-18.0,148.5000000708285
-140.3433398,91.63208275,-5.2,148.5000000708285
-140.3433398,91.63208275,-8.4,148.5000000708285
-140.3433398,91.63208275,-11.6,148.5000000708285
-138.6713444,94.36053127,-5.2,148.5000000708285
-138.6713444,94.36053127,-2.0,148.5000000708285
-136.999349,97.0889798,-2.0,148.5000000708285
-138.6713444,94.36053127,-11.6,148.5000000708285
-136.999349,97.0889798,-5.2,148.5000000708285
-138.6713444,94.36053127,-8.4,148.5000000708285
-136.999349,97.0889798,-11.6,148.5000000708285
-136.999349,97.0889798,-8.4,148.5000000708285
-140.3433398,91.63208275,-21.2,148.5000000708285
-138.6713444,94.36053127,-21.2,148.5000000708285
-138.6713444,94.36053127,-24.4,148.5000000708285
-138.6713444,94.36053127,-14.8,148.5000000708285
-138.6713444,94.36053127,-18.0,148.5000000708285
-136.999349,97.0889798,-21.2,148.5000000708285
-136.999349,97.0889798,-24.4,148.5000000708285
-140.3433398,91.63208275,-24.4,148.5000000708285
-142.0153352,88.90363422,-24.4,148.5000000708285
-140.3433398,91.63208275,-14.8,148.5000000708285
-136.999349,97.0889798,-18.0,148.5000000708285
-140.3433398,91.63208275,-18.0,148.5000000708285
-142.0153352,88.90363422,-21.2,148.5000000708285
-136.999349,97.0889798,-14.8,148.5000000708285
-136.999349,97.0889798,-38.0,148.5000000708285
-138.6713444,94.36053127,-38.0,148.5000000708285
-142.0153352,88.90363422,-34.8,148.5000000708285
-138.6713444,94.36053127,-34.8,148.5000000708285
-142.0153352,88.90363422,-38.0,148.5000000708285
-136.999349,97.0889798,-31.6,148.5000000708285
-140.3433398,91.63208275,-31.6,148.5000000708285
-136.999349,97.0889798,-28.4,148.5000000708285
-138.6713444,94.36053127,-31.6,148.5000000708285
-143.6873306,86.17518569,-38.0,148.5000000708285
-136.999349,97.0889798,-34.8,148.5000000708285
-143.6873306,86.17518569,-34.8,148.5000000708285
-140.3433398,91.63208275,-38.0,148.5000000708285
-140.3433398,91.63208275,-28.4,148.5000000708285
-140.3433398,91.63208275,-34.8,148.5000000708285
-138.6713444,94.36053127,-28.4,148.5000000708285
-136.999349,97.0889798,-41.2,148.5000000708285
-136.999349,97.0889798,-47.6,148.5000000708285
-136.999349,97.0889798,-44.4,148.5000000708285
-136.999349,97.0889798,-50.8,148.5000000708285
-138.6713444,94.36053127,-44.4,148.5000000708285
-138.6713444,94.36053127,-41.2,148.5000000708285
-138.6713444,94.36053127,-47.6,148.5000000708285
-138.6713444,94.36053127,-50.8,148.5000000708285
-140.3433398,91.63208275,-41.2,148.5000000708285
-140.3433398,91.63208275,-47.6,148.5000000708285
-140.3433398,91.63208275,-44.4,148.5000000708285
-142.0153352,88.90363422,-31.6,148.5000000708285
-140.3433398,91.63208275,-50.8,148.5000000708285
-142.0153352,88.90363422,-50.8,148.5000000708285
-142.0153352,88.90363422,-47.6,148.5000000708285
-142.0153352,88.90363422,-41.2,148.5000000708285
-142.0153352,88.90363422,-44.4,148.5000000708285
-143.6873306,86.17518569,-44.4,148.5000000708285
-143.6873306,86.17518569,-47.6,148.5000000708285
-143.6873306,86.17518569,-41.2,148.5000000708285
-143.6873306,86.17518569,-50.8,148.5000000708285
-145.359326,83.44673717,-50.8,148.5000000708285
-142.0153352,88.90363422,-28.4,148.5000000708285
-145.359326,83.44673717,-47.6,148.5000000708285
-147.0313214,80.71828864,-50.8,148.5000000708285
-145.359326,83.44673717,-44.4,148.5000000708285
-147.0313214,80.71828864,-47.6,148.5000000708285
-145.359326,83.44673717,-41.2,148.5000000708285
-148.7033168,77.98984011,-50.8,148.5000000708285
-147.0313214,80.71828864,-44.4,148.5000000708285
-148.7033168,77.98984011,-47.6,148.5000000708285
-147.0313214,80.71828864,-41.2,148.5000000708285
-148.7033168,77.98984011,-44.4,148.5000000708285
-148.7033168,77.98984011,-41.2,148.5000000708285
-145.359326,83.44673717,-28.4,148.5000000708285
-147.0313214,80.71828864,-34.8,148.5000000708285
-147.0313214,80.71828864,-28.4,148.5000000708285
-147.0313214,80.71828864,-38.0,148.5000000708285
-147.0313214,80.71828864,-31.6,148.5000000708285
-148.7033168,77.98984011,-31.6,148.5000000708285
-148.7033168,77.98984011,-28.4,148.5000000708285
-145.359326,83.44673717,-31.6,148.5000000708285
-143.6873306,86.17518569,-31.6,148.5000000708285
-145.359326,83.44673717,-38.0,148.5000000708285
-148.7033168,77.98984011,-34.8,148.5000000708285
-145.359326,83.44673717,-34.8,148.5000000708285
-143.6873306,86.17518569,-28.4,148.5000000708285
-148.7033168,77.98984011,-38.0,148.5000000708285
-159.0728311,53.76733198,-14.8,157.5000000731707
-157.8482441,56.72374648,-14.8,157.5000000731707
-156.6236571,59.68016099,-24.4,157.5000000731707
-159.0728311,53.76733198,-18.0,157.5000000731707
-155.3990702,62.63657549,-18.0,157.5000000731707
-156.6236571,59.68016099,-18.0,157.5000000731707
-155.3990702,62.63657549,-14.8,157.5000000731707
-159.0728311,53.76733198,-24.4,157.5000000731707
-157.8482441,56.72374648,-21.2,157.5000000731707
-155.3990702,62.63657549,-24.4,157.5000000731707
-157.8482441,56.72374648,-18.0,157.5000000731707
-155.3990702,62.63657549,-21.2,157.5000000731707
-156.6236571,59.68016099,-14.8,157.5000000731707
-156.6236571,59.68016099,-21.2,157.5000000731707
-159.0728311,53.76733198,-21.2,157.5000000731707
-157.8482441,56.72374648,-24.4,157.5000000731707
-159.0728311,53.76733198,-11.6,157.5000000731707
-157.8482441,56.72374648,-11.6,157.5000000731707
-159.0728311,53.76733198,-8.4,157.5000000731707
-157.8482441,56.72374648,-8.4,157.5000000731707
-159.0728311,53.76733198,-2.0,157.5000000731707
-159.0728311,53.76733198,-5.2,157.5000000731707
-157.8482441,56.72374648,-2.0,157.5000000731707
-157.8482441,56.72374648,-5.2,157.5000000731707
-156.6236571,59.68016099,-11.6,157.5000000731707
-156.6236571,59.68016099,-5.2,157.5000000731707
-156.6236571,59.68016099,-8.4,157.5000000731707
-154.1744832,65.59299,-14.8,157.5000000731707
-156.6236571,59.68016099,-2.0,157.5000000731707
-155.3990702,62.63657549,-11.6,157.5000000731707
-155.3990702,62.63657549,-2.0,157.5000000731707
-155.3990702,62.63657549,-5.2,157.5000000731707
-155.3990702,62.63657549,-8.4,157.5000000731707
-154.1744832,65.59299,-11.6,157.5000000731707
-154.1744832,65.59299,-8.4,157.5000000731707
-154.1744832,65.59299,-2.0,157.5000000731707
-154.1744832,65.59299,-5.2,157.5000000731707
-152.9498962,68.5494045,-2.0,157.5000000731707
-154.1744832,65.59299,-18.0,157.5000000731707
-152.9498962,68.5494045,-5.2,157.5000000731707
-152.9498962,68.5494045,-8.4,157.5000000731707
-152.9498962,68.5494045,-11.6,157.5000000731707
-151.7253092,71.50581901,-5.2,157.5000000731707
-151.7253092,71.50581901,-2.0,157.5000000731707
-150.5007222,74.46223351,-2.0,157.5000000731707
-151.7253092,71.50581901,-11.6,157.5000000731707
-150.5007222,74.46223351,-5.2,157.5000000731707
-151.7253092,71.50581901,-8.4,157.5000000731707
-150.5007222,74.46223351,-11.6,157.5000000731707
-150.5007222,74.46223351,-8.4,157.5000000731707
-152.9498962,68.5494045,-21.2,157.5000000731707
-151.7253092,71.50581901,-21.2,157.5000000731707
-151.7253092,71.50581901,-24.4,157.5000000731707
-151.7253092,71.50581901,-14.8,157.5000000731707
-151.7253092,71.50581901,-18.0,157.5000000731707
-150.5007222,74.46223351,-21.2,157.5000000731707
-150.5007222,74.46223351,-24.4,157.5000000731707
-152.9498962,68.5494045,-24.4,157.5000000731707
-154.1744832,65.59299,-24.4,157.5000000731707
-152.9498962,68.5494045,-14.8,157.5000000731707
-150.5007222,74.46223351,-18.0,157.5000000731707
-152.9498962,68.5494045,-18.0,157.5000000731707
-154.1744832,65.59299,-21.2,157.5000000731707
-150.5007222,74.46223351,-14.8,157.5000000731707
-150.5007222,74.46223351,-38.0,157.5000000731707
-151.7253092,71.50581901,-38.0,157.5000000731707
-154.1744832,65.59299,-34.8,157.5000000731707
-151.7253092,71.50581901,-34.8,157.5000000731707
-154.1744832,65.59299,-38.0,157.5000000731707
-150.5007222,74.46223351,-31.6,157.5000000731707
-152.9498962,68.5494045,-31.6,157.5000000731707
-150.5007222,74.46223351,-28.4,157.5000000731707
-151.7253092,71.50581901,-31.6,157.5000000731707
-155.3990702,62.63657549,-38.0,157.5000000731707
-150.5007222,74.46223351,-34.8,157.5000000731707
-155.3990702,62.63657549,-34.8,157.5000000731707
-152.9498962,68.5494045,-38.0,157.5000000731707
-152.9498962,68.5494045,-28.4,157.5000000731707
-152.9498962,68.5494045,-34.8,157.5000000731707
-151.7253092,71.50581901,-28.4,157.5000000731707
-150.5007222,74.46223351,-41.2,157.5000000731707
-150.5007222,74.46223351,-47.6,157.5000000731707
-150.5007222,74.46223351,-44.4,157.5000000731707
-150.5007222,74.46223351,-50.8,157.5000000731707
-151.7253092,71.50581901,-44.4,157.5000000731707
-151.7253092,71.50581901,-41.2,157.5000000731707
-151.7253092,71.50581901,-47.6,157.5000000731707
-151.7253092,71.50581901,-50.8,157.5000000731707
-152.9498962,68.5494045,-41.2,157.5000000731707
-152.9498962,68.5494045,-47.6,157.5000000731707
-152.9498962,68.5494045,-44.4,157.5000000731707
-154.1744832,65.59299,-31.6,157.5000000731707
-152.9498962,68.5494045,-50.8,157.5000000731707
-154.1744832,65.59299,-50.8,157.5000000731707
-154.1744832,65.59299,-47.6,157.5000000731707
-154.1744832,65.59299,-41.2,157.5000000731707
-154.1744832,65.59299,-44.4,157.5000000731707
-155.3990702,62.63657549,-44.4,157.5000000731707
-155.3990702,62.63657549,-47.6,157.5000000731707
-155.3990702,62.63657549,-41.2,157.5000000731707
-155.3990702,62.63657549,-50.8,157.5000000731707
-156.6236571,59.68016099,-50.8,157.5000000731707
-154.1744832,65.59299,-28.4,157.5000000731707
-156.6236571,59.68016099,-47.6,157.5000000731707
-157.8482441,56.72374648,-50.8,157.5000000731707
-156.6236571,59.68016099,-44.4,157.5000000731707
-157.8482441,56.72374648,-47.6,157.5000000731707
-156.6236571,59.68016099,-41.2,157.5000000731707
-159.0728311,53.76733198,-50.8,157.5000000731707
-157.8482441,56.72374648,-44.4,157.5000000731707
-159.0728311,53.76733198,-47.6,157.5000000731707
-157.8482441,56.72374648,-41.2,157.5000000731707
-159.0728311,53.76733198,-44.4,157.5000000731707
-159.0728311,53.76733198,-41.2,157.5000000731707
-156.6236571,59.68016099,-28.4,157.5000000731707
-157.8482441,56.72374648,-34.8,157.5000000731707
-157.8482441,56.72374648,-28.4,157.5000000731707
-157.8482441,56.72374648,-38.0,157.5000000731707
-157.8482441,56.72374648,-31.6,157.5000000731707
-159.0728311,53.76733198,-31.6,157.5000000731707
-159.0728311,53.76733198,-28.4,157.5000000731707
-156.6236571,59.68016099,-31.6,157.5000000731707
-155.3990702,62.63657549,-31.6,157.5000000731707
-156.6236571,59.68016099,-38.0,157.5000000731707
-159.0728311,53.76733198,-34.8,157.5000000731707
-156.6236571,59.68016099,-34.8,157.5000000731707
-155.3990702,62.63657549,-28.4,157.5000000731707
-159.0728311,53.76733198,-38.0,157.5000000731707
-160.2962685,-50.00197874,38.0,-166.49999990239607
-161.0432937,-46.890395,38.0,-166.49999990239607
-161.7903189,-43.77881125,28.4,-166.49999990239607
-160.2962685,-50.00197874,34.8,-166.49999990239607
-162.537344,-40.6672275,34.8,-166.49999990239607
-161.7903189,-43.77881125,34.8,-166.49999990239607
-162.537344,-40.6672275,38.0,-166.49999990239607
-160.2962685,-50.00197874,28.4,-166.49999990239607
-161.0432937,-46.890395,31.6,-166.49999990239607
-162.537344,-40.6672275,28.4,-166.49999990239607
-161.0432937,-46.890395,34.8,-166.49999990239607
-162.537344,-40.6672275,31.6,-166.49999990239607
-161.7903189,-43.77881125,38.0,-166.49999990239607
-161.7903189,-43.77881125,31.6,-166.49999990239607
-160.2962685,-50.00197874,31.6,-166.49999990239607
-161.0432937,-46.890395,28.4,-166.49999990239607
-160.2962685,-50.00197874,41.2,-166.49999990239607
-161.0432937,-46.890395,41.2,-166.49999990239607
-160.2962685,-50.00197874,44.4,-166.49999990239607
-161.0432937,-46.890395,44.4,-166.49999990239607
-160.2962685,-50.00197874,50.8,-166.49999990239607
-160.2962685,-50.00197874,47.6,-166.49999990239607
-161.0432937,-46.890395,50.8,-166.49999990239607
-161.0432937,-46.890395,47.6,-166.49999990239607
-161.7903189,-43.77881125,41.2,-166.49999990239607
-161.7903189,-43.77881125,47.6,-166.49999990239607
-161.7903189,-43.77881125,44.4,-166.49999990239607
-163.2843692,-37.55564376,38.0,-166.49999990239607
-161.7903189,-43.77881125,50.8,-166.49999990239607
-162.537344,-40.6672275,41.2,-166.49999990239607
-162.537344,-40.6672275,50.8,-166.49999990239607
-162.537344,-40.6672275,47.6,-166.49999990239607
-162.537344,-40.6672275,44.4,-166.49999990239607
-163.2843692,-37.55564376,41.2,-166.49999990239607
-163.2843692,-37.55564376,44.4,-166.49999990239607
-163.2843692,-37.55564376,50.8,-166.49999990239607
-163.2843692,-37.55564376,47.6,-166.49999990239607
-164.0313944,-34.44406001,50.8,-166.49999990239607
-163.2843692,-37.55564376,34.8,-166.49999990239607
-164.0313944,-34.44406001,47.6,-166.49999990239607
-164.0313944,-34.44406001,44.4,-166.49999990239607
-164.0313944,-34.44406001,41.2,-166.49999990239607
-164.7784195,-31.33247627,47.6,-166.49999990239607
-164.7784195,-31.33247627,50.8,-166.49999990239607
-165.5254447,-28.22089252,50.8,-166.49999990239607
-164.7784195,-31.33247627,41.2,-166.49999990239607
-165.5254447,-28.22089252,47.6,-166.49999990239607
-164.7784195,-31.33247627,44.4,-166.49999990239607
-165.5254447,-28.22089252,41.2,-166.49999990239607
-165.5254447,-28.22089252,44.4,-166.49999990239607
-164.0313944,-34.44406001,31.6,-166.49999990239607
-164.7784195,-31.33247627,31.6,-166.49999990239607
-164.7784195,-31.33247627,28.4,-166.49999990239607
-164.7784195,-31.33247627,38.0,-166.49999990239607
-164.7784195,-31.33247627,34.8,-166.49999990239607
-165.5254447,-28.22089252,31.6,-166.49999990239607
-165.5254447,-28.22089252,28.4,-166.49999990239607
-164.0313944,-34.44406001,28.4,-166.49999990239607
-163.2843692,-37.55564376,28.4,-166.49999990239607
-164.0313944,-34.44406001,38.0,-166.49999990239607
-165.5254447,-28.22089252,34.8,-166.49999990239607
-164.0313944,-34.44406001,34.8,-166.49999990239607
-163.2843692,-37.55564376,31.6,-166.49999990239607
-165.5254447,-28.22089252,38.0,-166.49999990239607
-165.5254447,-28.22089252,14.8,-166.49999990239607
-164.7784195,-31.33247627,14.8,-166.49999990239607
-163.2843692,-37.55564376,18.0,-166.49999990239607
-164.7784195,-31.33247627,18.0,-166.49999990239607
-163.2843692,-37.55564376,14.8,-166.49999990239607
-165.5254447,-28.22089252,21.2,-166.49999990239607
-164.0313944,-34.44406001,21.2,-166.49999990239607
-165.5254447,-28.22089252,24.4,-166.49999990239607
-164.7784195,-31.33247627,21.2,-166.49999990239607
-162.537344,-40.6672275,14.8,-166.49999990239607
-165.5254447,-28.22089252,18.0,-166.49999990239607
-162.537344,-40.6672275,18.0,-166.49999990239607
-164.0313944,-34.44406001,14.8,-166.49999990239607
-164.0313944,-34.44406001,24.4,-166.49999990239607
-164.0313944,-34.44406001,18.0,-166.49999990239607
-164.7784195,-31.33247627,24.4,-166.49999990239607
-165.5254447,-28.22089252,11.6,-166.49999990239607
-165.5254447,-28.22089252,5.2,-166.49999990239607
-165.5254447,-28.22089252,8.4,-166.49999990239607
-165.5254447,-28.22089252,2.0,-166.49999990239607
-164.7784195,-31.33247627,8.4,-166.49999990239607
-164.7784195,-31.33247627,11.6,-166.49999990239607
-164.7784195,-31.33247627,5.2,-166.49999990239607
-164.7784195,-31.33247627,2.0,-166.49999990239607
-164.0313944,-34.44406001,11.6,-166.49999990239607
-164.0313944,-34.44406001,5.2,-166.49999990239607
-164.0313944,-34.44406001,8.4,-166.49999990239607
-163.2843692,-37.55564376,21.2,-166.49999990239607
-164.0313944,-34.44406001,2.0,-166.49999990239607
-163.2843692,-37.55564376,2.0,-166.49999990239607
-163.2843692,-37.55564376,5.2,-166.49999990239607
-163.2843692,-37.55564376,11.6,-166.49999990239607
-163.2843692,-37.55564376,8.4,-166.49999990239607
-162.537344,-40.6672275,8.4,-166.49999990239607
-162.537344,-40.6672275,5.2,-166.49999990239607
-162.537344,-40.6672275,11.6,-166.49999990239607
-162.537344,-40.6672275,2.0,-166.49999990239607
-161.7903189,-43.77881125,2.0,-166.49999990239607
-163.2843692,-37.55564376,24.4,-166.49999990239607
-161.7903189,-43.77881125,5.2,-166.49999990239607
-161.0432937,-46.890395,2.0,-166.49999990239607
-161.7903189,-43.77881125,8.4,-166.49999990239607
-161.0432937,-46.890395,5.2,-166.49999990239607
-161.7903189,-43.77881125,11.6,-166.49999990239607
-160.2962685,-50.00197874,2.0,-166.49999990239607
-161.0432937,-46.890395,8.4,-166.49999990239607
-160.2962685,-50.00197874,5.2,-166.49999990239607
-161.0432937,-46.890395,11.6,-166.49999990239607
-160.2962685,-50.00197874,8.4,-166.49999990239607
-160.2962685,-50.00197874,11.6,-166.49999990239607
-161.7903189,-43.77881125,24.4,-166.49999990239607
-161.0432937,-46.890395,18.0,-166.49999990239607
-161.0432937,-46.890395,24.4,-166.49999990239607
-161.0432937,-46.890395,14.8,-166.49999990239607
-161.0432937,-46.890395,21.2,-166.49999990239607
-160.2962685,-50.00197874,21.2,-166.49999990239607
-160.2962685,-50.00197874,24.4,-166.49999990239607
-161.7903189,-43.77881125,21.2,-166.49999990239607
-162.537344,-40.6672275,21.2,-166.49999990239607
-161.7903189,-43.77881125,14.8,-166.49999990239607
-160.2962685,-50.00197874,18.0,-166.49999990239607
-161.7903189,-43.77881125,18.0,-166.49999990239607
-162.537344,-40.6672275,24.4,-166.49999990239607
-160.2962685,-50.00197874,14.8,-166.49999990239607
-166.1447883,-24.31051042,38.0,-175.50000019488684
-166.3958574,-21.12037495,38.0,-175.50000019488684
-166.6469265,-17.93023949,28.4,-175.50000019488684
-166.1447883,-24.31051042,34.8,-175.50000019488684
-166.8979956,-14.74010402,34.8,-175.50000019488684
-166.6469265,-17.93023949,34.8,-175.50000019488684
-166.8979956,-14.74010402,38.0,-175.50000019488684
-166.1447883,-24.31051042,28.4,-175.50000019488684
-166.3958574,-21.12037495,31.6,-175.50000019488684
-166.8979956,-14.74010402,28.4,-175.50000019488684
-166.3958574,-21.12037495,34.8,-175.50000019488684
-166.8979956,-14.74010402,31.6,-175.50000019488684
-166.6469265,-17.93023949,38.0,-175.50000019488684
-166.6469265,-17.93023949,31.6,-175.50000019488684
-166.1447883,-24.31051042,31.6,-175.50000019488684
-166.3958574,-21.12037495,28.4,-175.50000019488684
-166.1447883,-24.31051042,41.2,-175.50000019488684
-166.3958574,-21.12037495,41.2,-175.50000019488684
-166.1447883,-24.31051042,44.4,-175.50000019488684
-166.3958574,-21.12037495,44.4,-175.50000019488684
-166.1447883,-24.31051042,50.8,-175.50000019488684
-166.1447883,-24.31051042,47.6,-175.50000019488684
-166.3958574,-21.12037495,50.8,-175.50000019488684
-166.3958574,-21.12037495,47.6,-175.50000019488684
-166.6469265,-17.93023949,41.2,-175.50000019488684
-166.6469265,-17.93023949,47.6,-175.50000019488684
-166.6469265,-17.93023949,44.4,-175.50000019488684
-167.1490647,-11.54996855,38.0,-175.50000019488684
-166.6469265,-17.93023949,50.8,-175.50000019488684
-166.8979956,-14.74010402,41.2,-175.50000019488684
-166.8979956,-14.74010402,50.8,-175.50000019488684
-166.8979956,-14.74010402,47.6,-175.50000019488684
-166.8979956,-14.74010402,44.4,-175.50000019488684
-167.1490647,-11.54996855,41.2,-175.50000019488684
-167.1490647,-11.54996855,44.4,-175.50000019488684
-167.1490647,-11.54996855,50.8,-175.50000019488684
-167.1490647,-11.54996855,47.6,-175.50000019488684
-167.4001338,-8.359833082,50.8,-175.50000019488684
-167.1490647,-11.54996855,34.8,-175.50000019488684
-167.4001338,-8.359833082,47.6,-175.50000019488684
-167.4001338,-8.359833082,44.4,-175.50000019488684
-167.4001338,-8.359833082,41.2,-175.50000019488684
-167.6512029,-5.169697614,47.6,-175.50000019488684
-167.6512029,-5.169697614,50.8,-175.50000019488684
-167.902272,-1.979562146,50.8,-175.50000019488684
-167.6512029,-5.169697614,41.2,-175.50000019488684
-167.902272,-1.979562146,47.6,-175.50000019488684
-167.6512029,-5.169697614,44.4,-175.50000019488684
-167.902272,-1.979562146,41.2,-175.50000019488684
-167.902272,-1.979562146,44.4,-175.50000019488684
-167.4001338,-8.359833082,31.6,-175.50000019488684
-167.6512029,-5.169697614,31.6,-175.50000019488684
-167.6512029,-5.169697614,28.4,-175.50000019488684
-167.6512029,-5.169697614,38.0,-175.50000019488684
-167.6512029,-5.169697614,34.8,-175.50000019488684
-167.902272,-1.979562146,31.6,-175.50000019488684
-167.902272,-1.979562146,28.4,-175.50000019488684
-167.4001338,-8.359833082,28.4,-175.50000019488684
-167.1490647,-11.54996855,28.4,-175.50000019488684
-167.4001338,-8.359833082,38.0,-175.50000019488684
-167.902272,-1.979562146,34.8,-175.50000019488684
-167.4001338,-8.359833082,34.8,-175.50000019488684
-167.1490647,-11.54996855,31.6,-175.50000019488684
-167.902272,-1.979562146,38.0,-175.50000019488684
-167.902272,-1.979562146,14.8,-175.50000019488684
-167.6512029,-5.169697614,14.8,-175.50000019488684
-167.1490647,-11.54996855,18.0,-175.50000019488684
-167.6512029,-5.169697614,18.0,-175.50000019488684
-167.1490647,-11.54996855,14.8,-175.50000019488684
-167.902272,-1.979562146,21.2,-175.50000019488684
-167.4001338,-8.359833082,21.2,-175.50000019488684
-167.902272,-1.979562146,24.4,-175.50000019488684
-167.6512029,-5.169697614,21.2,-175.50000019488684
-166.8979956,-14.74010402,14.8,-175.50000019488684
-167.902272,-1.979562146,18.0,-175.50000019488684
-166.8979956,-14.74010402,18.0,-175.50000019488684
-167.4001338,-8.359833082,14.8,-175.50000019488684
-167.4001338,-8.359833082,24.4,-175.50000019488684
-167.4001338,-8.359833082,18.0,-175.50000019488684
-167.6512029,-5.169697614,24.4,-175.50000019488684
-167.902272,-1.979562146,11.6,-175.50000019488684
-167.902272,-1.979562146,5.2,-175.50000019488684
-167.902272,-1.979562146,8.4,-175.50000019488684
-167.902272,-1.979562146,2.0,-175.50000019488684
-167.6512029,-5.169697614,8.4,-175.50000019488684
-167.6512029,-5.169697614,11.6,-175.50000019488684
-167.6512029,-5.169697614,5.2,-175.50000019488684
-167.6512029,-5.169697614,2.0,-175.50000019488684
-167.4001338,-8.359833082,11.6,-175.50000019488684
-167.4001338,-8.359833082,5.2,-175.50000019488684
-167.4001338,-8.359833082,8.4,-175.50000019488684
-167.1490647,-11.54996855,21.2,-175.50000019488684
-167.4001338,-8.359833082,2.0,-175.50000019488684
-167.1490647,-11.54996855,2.0,-175.50000019488684
-167.1490647,-11.54996855,5.2,-175.50000019488684
-167.1490647,-11.54996855,11.6,-175.50000019488684
-167.1490647,-11.54996855,8.4,-175.50000019488684
-166.8979956,-14.74010402,8.4,-175.50000019488684
-166.8979956,-14.74010402,5.2,-175.50000019488684
-166.8979956,-14.74010402,11.6,-175.50000019488684
-166.8979956,-14.74010402,2.0,-175.50000019488684
-166.6469265,-17.93023949,2.0,-175.50000019488684
-167.1490647,-11.54996855,24.4,-175.50000019488684
-166.6469265,-17.93023949,5.2,-175.50000019488684
-166.3958574,-21.12037495,2.0,-175.50000019488684
-166.6469265,-17.93023949,8.4,-175.50000019488684
-166.3958574,-21.12037495,5.2,-175.50000019488684
-166.6469265,-17.93023949,11.6,-175.50000019488684
-166.1447883,-24.31051042,2.0,-175.50000019488684
-166.3958574,-21.12037495,8.4,-175.50000019488684
-166.1447883,-24.31051042,5.2,-175.50000019488684
-166.3958574,-21.12037495,11.6,-175.50000019488684
-166.1447883,-24.31051042,8.4,-175.50000019488684
-166.1447883,-24.31051042,11.6,-175.50000019488684
-166.6469265,-17.93023949,24.4,-175.50000019488684
-166.3958574,-21.12037495,18.0,-175.50000019488684
-166.3958574,-21.12037495,24.4,-175.50000019488684
-166.3958574,-21.12037495,14.8,-175.50000019488684
-166.3958574,-21.12037495,21.2,-175.50000019488684
-166.1447883,-24.31051042,21.2,-175.50000019488684
-166.1447883,-24.31051042,24.4,-175.50000019488684
-166.6469265,-17.93023949,21.2,-175.50000019488684
-166.8979956,-14.74010402,21.2,-175.50000019488684
-166.6469265,-17.93023949,14.8,-175.50000019488684
-166.1447883,-24.31051042,18.0,-175.50000019488684
-166.6469265,-17.93023949,18.0,-175.50000019488684
-166.8979956,-14.74010402,24.4,-175.50000019488684
-166.1447883,-24.31051042,14.8,-175.50000019488684
-167.9022719,1.979563345,38.0,175.50000019488684
-167.6512028,5.169698813,38.0,175.50000019488684
-167.4001337,8.359834281,28.4,175.50000019488684
-167.9022719,1.979563345,34.8,175.50000019488684
-167.1490646,11.54996975,34.8,175.50000019488684
-167.4001337,8.359834281,34.8,175.50000019488684
-167.1490646,11.54996975,38.0,175.50000019488684
-167.9022719,1.979563345,28.4,175.50000019488684
-167.6512028,5.169698813,31.6,175.50000019488684
-167.1490646,11.54996975,28.4,175.50000019488684
-167.6512028,5.169698813,34.8,175.50000019488684
-167.1490646,11.54996975,31.6,175.50000019488684
-167.4001337,8.359834281,38.0,175.50000019488684
-167.4001337,8.359834281,31.6,175.50000019488684
-167.9022719,1.979563345,31.6,175.50000019488684
-167.6512028,5.169698813,28.4,175.50000019488684
-167.9022719,1.979563345,41.2,175.50000019488684
-167.6512028,5.169698813,41.2,175.50000019488684
-167.9022719,1.979563345,44.4,175.50000019488684
-167.6512028,5.169698813,44.4,175.50000019488684
-167.9022719,1.979563345,50.8,175.50000019488684
-167.9022719,1.979563345,47.6,175.50000019488684
-167.6512028,5.169698813,50.8,175.50000019488684
-167.6512028,5.169698813,47.6,175.50000019488684
-167.4001337,8.359834281,41.2,175.50000019488684
-167.4001337,8.359834281,47.6,175.50000019488684
-167.4001337,8.359834281,44.4,175.50000019488684
-166.8979955,14.74010522,38.0,175.50000019488684
-167.4001337,8.359834281,50.8,175.50000019488684
-167.1490646,11.54996975,41.2,175.50000019488684
-167.1490646,11.54996975,50.8,175.50000019488684
-167.1490646,11.54996975,47.6,175.50000019488684
-167.1490646,11.54996975,44.4,175.50000019488684
-166.8979955,14.74010522,41.2,175.50000019488684
-166.8979955,14.74010522,44.4,175.50000019488684
-166.8979955,14.74010522,50.8,175.50000019488684
-166.8979955,14.74010522,47.6,175.50000019488684
-166.6469264,17.93024068,50.8,175.50000019488684
-166.8979955,14.74010522,34.8,175.50000019488684
-166.6469264,17.93024068,47.6,175.50000019488684
-166.6469264,17.93024068,44.4,175.50000019488684
-166.6469264,17.93024068,41.2,175.50000019488684
-166.3958573,21.12037615,47.6,175.50000019488684
-166.3958573,21.12037615,50.8,175.50000019488684
-166.1447882,24.31051162,50.8,175.50000019488684
-166.3958573,21.12037615,41.2,175.50000019488684
-166.1447882,24.31051162,47.6,175.50000019488684
-166.3958573,21.12037615,44.4,175.50000019488684
-166.1447882,24.31051162,41.2,175.50000019488684
-166.1447882,24.31051162,44.4,175.50000019488684
-166.6469264,17.93024068,31.6,175.50000019488684
-166.3958573,21.12037615,31.6,175.50000019488684
-166.3958573,21.12037615,28.4,175.50000019488684
-166.3958573,21.12037615,38.0,175.50000019488684
-166.3958573,21.12037615,34.8,175.50000019488684
-166.1447882,24.31051162,31.6,175.50000019488684
-166.1447882,24.31051162,28.4,175.50000019488684
-166.6469264,17.93024068,28.4,175.50000019488684
-166.8979955,14.74010522,28.4,175.50000019488684
-166.6469264,17.93024068,38.0,175.50000019488684
-166.1447882,24.31051162,34.8,175.50000019488684
-166.6469264,17.93024068,34.8,175.50000019488684
-166.8979955,14.74010522,31.6,175.50000019488684
-166.1447882,24.31051162,38.0,175.50000019488684
-166.1447882,24.31051162,14.8,175.50000019488684
-166.3958573,21.12037615,14.8,175.50000019488684
-166.8979955,14.74010522,18.0,175.50000019488684
-166.3958573,21.12037615,18.0,175.50000019488684
-166.8979955,14.74010522,14.8,175.50000019488684
-166.1447882,24.31051162,21.2,175.50000019488684
-166.6469264,17.93024068,21.2,175.50000019488684
-166.1447882,24.31051162,24.4,175.50000019488684
-166.3958573,21.12037615,21.2,175.50000019488684
-167.1490646,11.54996975,14.8,175.50000019488684
-166.1447882,24.31051162,18.0,175.50000019488684
-167.1490646,11.54996975,18.0,175.50000019488684
-166.6469264,17.93024068,14.8,175.50000019488684
-166.6469264,17.93024068,24.4,175.50000019488684
-166.6469264,17.93024068,18.0,175.50000019488684
-166.3958573,21.12037615,24.4,175.50000019488684
-166.1447882,24.31051162,11.6,175.50000019488684
-166.1447882,24.31051162,5.2,175.50000019488684
-166.1447882,24.31051162,8.4,175.50000019488684
-166.1447882,24.31051162,2.0,175.50000019488684
-166.3958573,21.12037615,8.4,175.50000019488684
-166.3958573,21.12037615,11.6,175.50000019488684
-166.3958573,21.12037615,5.2,175.50000019488684
-166.3958573,21.12037615,2.0,175.50000019488684
-166.6469264,17.93024068,11.6,175.50000019488684
-166.6469264,17.93024068,5.2,175.50000019488684
-166.6469264,17.93024068,8.4,175.50000019488684
-166.8979955,14.74010522,21.2,175.50000019488684
-166.6469264,17.93024068,2.0,175.50000019488684
-166.8979955,14.74010522,2.0,175.50000019488684
-166.8979955,14.74010522,5.2,175.50000019488684
-166.8979955,14.74010522,11.6,175.50000019488684
-166.8979955,14.74010522,8.4,175.50000019488684
-167.1490646,11.54996975,8.4,175.50000019488684
-167.1490646,11.54996975,5.2,175.50000019488684
-167.1490646,11.54996975,11.6,175.50000019488684
-167.1490646,11.54996975,2.0,175.50000019488684
-167.4001337,8.359834281,2.0,175.50000019488684
-166.8979955,14.74010522,24.4,175.50000019488684
-167.4001337,8.359834281,5.2,175.50000019488684
-167.6512028,5.169698813,2.0,175.50000019488684
-167.4001337,8.359834281,8.4,175.50000019488684
-167.6512028,5.169698813,5.2,175.50000019488684
-167.4001337,8.359834281,11.6,175.50000019488684
-167.9022719,1.979563345,2.0,175.50000019488684
-167.6512028,5.169698813,8.4,175.50000019488684
-167.9022719,1.979563345,5.2,175.50000019488684
-167.6512028,5.169698813,11.6,175.50000019488684
-167.9022719,1.979563345,8.4,175.50000019488684
-167.9022719,1.979563345,11.6,175.50000019488684
-167.4001337,8.359834281,24.4,175.50000019488684
-167.6512028,5.169698813,18.0,175.50000019488684
-167.6512028,5.169698813,24.4,175.50000019488684
-167.6512028,5.169698813,14.8,175.50000019488684
-167.6512028,5.169698813,21.2,175.50000019488684
-167.9022719,1.979563345,21.2,175.50000019488684
-167.9022719,1.979563345,24.4,175.50000019488684
-167.4001337,8.359834281,21.2,175.50000019488684
-167.1490646,11.54996975,21.2,175.50000019488684
-167.4001337,8.359834281,14.8,175.50000019488684
-167.9022719,1.979563345,18.0,175.50000019488684
-167.4001337,8.359834281,18.0,175.50000019488684
-167.1490646,11.54996975,24.4,175.50000019488684
-167.9022719,1.979563345,14.8,175.50000019488684
-165.5254444,28.22089369,38.0,166.49999990239607
-164.7784192,31.33247744,38.0,166.49999990239607
-164.0313941,34.44406118,28.4,166.49999990239607
-165.5254444,28.22089369,34.8,166.49999990239607
-163.2843689,37.55564493,34.8,166.49999990239607
-164.0313941,34.44406118,34.8,166.49999990239607
-163.2843689,37.55564493,38.0,166.49999990239607
-165.5254444,28.22089369,28.4,166.49999990239607
-164.7784192,31.33247744,31.6,166.49999990239607
-163.2843689,37.55564493,28.4,166.49999990239607
-164.7784192,31.33247744,34.8,166.49999990239607
-163.2843689,37.55564493,31.6,166.49999990239607
-164.0313941,34.44406118,38.0,166.49999990239607
-164.0313941,34.44406118,31.6,166.49999990239607
-165.5254444,28.22089369,31.6,166.49999990239607
-164.7784192,31.33247744,28.4,166.49999990239607
-165.5254444,28.22089369,41.2,166.49999990239607
-164.7784192,31.33247744,41.2,166.49999990239607
-165.5254444,28.22089369,44.4,166.49999990239607
-164.7784192,31.33247744,44.4,166.49999990239607
-165.5254444,28.22089369,50.8,166.49999990239607
-165.5254444,28.22089369,47.6,166.49999990239607
-164.7784192,31.33247744,50.8,166.49999990239607
-164.7784192,31.33247744,47.6,166.49999990239607
-164.0313941,34.44406118,41.2,166.49999990239607
-164.0313941,34.44406118,47.6,166.49999990239607
-164.0313941,34.44406118,44.4,166.49999990239607
-162.5373438,40.66722867,38.0,166.49999990239607
-164.0313941,34.44406118,50.8,166.49999990239607
-163.2843689,37.55564493,41.2,166.49999990239607
-163.2843689,37.55564493,50.8,166.49999990239607
-163.2843689,37.55564493,47.6,166.49999990239607
-163.2843689,37.55564493,44.4,166.49999990239607
-162.5373438,40.66722867,41.2,166.49999990239607
-162.5373438,40.66722867,44.4,166.49999990239607
-162.5373438,40.66722867,50.8,166.49999990239607
-162.5373438,40.66722867,47.6,166.49999990239607
-161.7903186,43.77881242,50.8,166.49999990239607
-162.5373438,40.66722867,34.8,166.49999990239607
-161.7903186,43.77881242,47.6,166.49999990239607
-161.7903186,43.77881242,44.4,166.49999990239607
-161.7903186,43.77881242,41.2,166.49999990239607
-161.0432934,46.89039617,47.6,166.49999990239607
-161.0432934,46.89039617,50.8,166.49999990239607
-160.2962683,50.00197991,50.8,166.49999990239607
-161.0432934,46.89039617,41.2,166.49999990239607
-160.2962683,50.00197991,47.6,166.49999990239607
-161.0432934,46.89039617,44.4,166.49999990239607
-160.2962683,50.00197991,41.2,166.49999990239607
-160.2962683,50.00197991,44.4,166.49999990239607
-161.7903186,43.77881242,31.6,166.49999990239607
-161.0432934,46.89039617,31.6,166.49999990239607
-161.0432934,46.89039617,28.4,166.49999990239607
-161.0432934,46.89039617,38.0,166.49999990239607
-161.0432934,46.89039617,34.8,166.49999990239607
-160.2962683,50.00197991,31.6,166.49999990239607
-160.2962683,50.00197991,28.4,166.49999990239607
-161.7903186,43.77881242,28.4,166.49999990239607
-162.5373438,40.66722867,28.4,166.49999990239607
-161.7903186,43.77881242,38.0,166.49999990239607
-160.2962683,50.00197991,34.8,166.49999990239607
-161.7903186,43.77881242,34.8,166.49999990239607
-162.5373438,40.66722867,31.6,166.49999990239607
-160.2962683,50.00197991,38.0,166.49999990239607
-160.2962683,50.00197991,14.8,166.49999990239607
-161.0432934,46.89039617,14.8,166.49999990239607
-162.5373438,40.66722867,18.0,166.49999990239607
-161.0432934,46.89039617,18.0,166.49999990239607
-162.5373438,40.66722867,14.8,166.49999990239607
-160.2962683,50.00197991,21.2,166.49999990239607
-161.7903186,43.77881242,21.2,166.49999990239607
-160.2962683,50.00197991,24.4,166.49999990239607
-161.0432934,46.89039617,21.2,166.49999990239607
-163.2843689,37.55564493,14.8,166.49999990239607
-160.2962683,50.00197991,18.0,166.49999990239607
-163.2843689,37.55564493,18.0,166.49999990239607
-161.7903186,43.77881242,14.8,166.49999990239607
-161.7903186,43.77881242,24.4,166.49999990239607
-161.7903186,43.77881242,18.0,166.49999990239607
-161.0432934,46.89039617,24.4,166.49999990239607
-160.2962683,50.00197991,11.6,166.49999990239607
-160.2962683,50.00197991,5.2,166.49999990239607
-160.2962683,50.00197991,8.4,166.49999990239607
-160.2962683,50.00197991,2.0,166.49999990239607
-161.0432934,46.89039617,8.4,166.49999990239607
-161.0432934,46.89039617,11.6,166.49999990239607
-161.0432934,46.89039617,5.2,166.49999990239607
-161.0432934,46.89039617,2.0,166.49999990239607
-161.7903186,43.77881242,11.6,166.49999990239607
-161.7903186,43.77881242,5.2,166.49999990239607
-161.7903186,43.77881242,8.4,166.49999990239607
-162.5373438,40.66722867,21.2,166.49999990239607
-161.7903186,43.77881242,2.0,166.49999990239607
-162.5373438,40.66722867,2.0,166.49999990239607
-162.5373438,40.66722867,5.2,166.49999990239607
-162.5373438,40.66722867,11.6,166.49999990239607
-162.5373438,40.66722867,8.4,166.49999990239607
-163.2843689,37.55564493,8.4,166.49999990239607
-163.2843689,37.55564493,5.2,166.49999990239607
-163.2843689,37.55564493,11.6,166.49999990239607
-163.2843689,37.55564493,2.0,166.49999990239607
-164.0313941,34.44406118,2.0,166.49999990239607
-162.5373438,40.66722867,24.4,166.49999990239607
-164.0313941,34.44406118,5.2,166.49999990239607
-164.7784192,31.33247744,2.0,166.49999990239607
-164.0313941,34.44406118,8.4,166.49999990239607
-164.7784192,31.33247744,5.2,166.49999990239607
-164.0313941,34.44406118,11.6,166.49999990239607
-165.5254444,28.22089369,2.0,166.49999990239607
-164.7784192,31.33247744,8.4,166.49999990239607
-165.5254444,28.22089369,5.2,166.49999990239607
-164.7784192,31.33247744,11.6,166.49999990239607
-165.5254444,28.22089369,8.4,166.49999990239607
-165.5254444,28.22089369,11.6,166.49999990239607
-164.0313941,34.44406118,24.4,166.49999990239607
-164.7784192,31.33247744,18.0,166.49999990239607
-164.7784192,31.33247744,24.4,166.49999990239607
-164.7784192,31.33247744,14.8,166.49999990239607
-164.7784192,31.33247744,21.2,166.49999990239607
-165.5254444,28.22089369,21.2,166.49999990239607
-165.5254444,28.22089369,24.4,166.49999990239607
-164.0313941,34.44406118,21.2,166.49999990239607
-163.2843689,37.55564493,21.2,166.49999990239607
-164.0313941,34.44406118,14.8,166.49999990239607
-165.5254444,28.22089369,18.0,166.49999990239607
-164.0313941,34.44406118,18.0,166.49999990239607
-163.2843689,37.55564493,24.4,166.49999990239607
-165.5254444,28.22089369,14.8,166.49999990239607
-165.5254444,28.22089369,-14.8,166.49999990239607
-164.7784192,31.33247744,-14.8,166.49999990239607
-164.0313941,34.44406118,-24.4,166.49999990239607
-165.5254444,28.22089369,-18.0,166.49999990239607
-163.2843689,37.55564493,-18.0,166.49999990239607
-164.0313941,34.44406118,-18.0,166.49999990239607
-163.2843689,37.55564493,-14.8,166.49999990239607
-165.5254444,28.22089369,-24.4,166.49999990239607
-164.7784192,31.33247744,-21.2,166.49999990239607
-163.2843689,37.55564493,-24.4,166.49999990239607
-164.7784192,31.33247744,-18.0,166.49999990239607
-163.2843689,37.55564493,-21.2,166.49999990239607
-164.0313941,34.44406118,-14.8,166.49999990239607
-164.0313941,34.44406118,-21.2,166.49999990239607
-165.5254444,28.22089369,-21.2,166.49999990239607
-164.7784192,31.33247744,-24.4,166.49999990239607
-165.5254444,28.22089369,-11.6,166.49999990239607
-164.7784192,31.33247744,-11.6,166.49999990239607
-165.5254444,28.22089369,-8.4,166.49999990239607
-164.7784192,31.33247744,-8.4,166.49999990239607
-165.5254444,28.22089369,-2.0,166.49999990239607
-165.5254444,28.22089369,-5.2,166.49999990239607
-164.7784192,31.33247744,-2.0,166.49999990239607
-164.7784192,31.33247744,-5.2,166.49999990239607
-164.0313941,34.44406118,-11.6,166.49999990239607
-164.0313941,34.44406118,-5.2,166.49999990239607
-164.0313941,34.44406118,-8.4,166.49999990239607
-162.5373438,40.66722867,-14.8,166.49999990239607
-164.0313941,34.44406118,-2.0,166.49999990239607
-163.2843689,37.55564493,-11.6,166.49999990239607
-163.2843689,37.55564493,-2.0,166.49999990239607
-163.2843689,37.55564493,-5.2,166.49999990239607
-163.2843689,37.55564493,-8.4,166.49999990239607
-162.5373438,40.66722867,-11.6,166.49999990239607
-162.5373438,40.66722867,-8.4,166.49999990239607
-162.5373438,40.66722867,-2.0,166.49999990239607
-162.5373438,40.66722867,-5.2,166.49999990239607
-161.7903186,43.77881242,-2.0,166.49999990239607
-162.5373438,40.66722867,-18.0,166.49999990239607
-161.7903186,43.77881242,-5.2,166.49999990239607
-161.7903186,43.77881242,-8.4,166.49999990239607
-161.7903186,43.77881242,-11.6,166.49999990239607
-161.0432934,46.89039617,-5.2,166.49999990239607
-161.0432934,46.89039617,-2.0,166.49999990239607
-160.2962683,50.00197991,-2.0,166.49999990239607
-161.0432934,46.89039617,-11.6,166.49999990239607
-160.2962683,50.00197991,-5.2,166.49999990239607
-161.0432934,46.89039617,-8.4,166.49999990239607
-160.2962683,50.00197991,-11.6,166.49999990239607
-160.2962683,50.00197991,-8.4,166.49999990239607
-161.7903186,43.77881242,-21.2,166.49999990239607
-161.0432934,46.89039617,-21.2,166.49999990239607
-161.0432934,46.89039617,-24.4,166.49999990239607
-161.0432934,46.89039617,-14.8,166.49999990239607
-161.0432934,46.89039617,-18.0,166.49999990239607
-160.2962683,50.00197991,-21.2,166.49999990239607
-160.2962683,50.00197991,-24.4,166.49999990239607
-161.7903186,43.77881242,-24.4,166.49999990239607
-162.5373438,40.66722867,-24.4,166.49999990239607
-161.7903186,43.77881242,-14.8,166.49999990239607
-160.2962683,50.00197991,-18.0,166.49999990239607
-161.7903186,43.77881242,-18.0,166.49999990239607
-162.5373438,40.66722867,-21.2,166.49999990239607
-160.2962683,50.00197991,-14.8,166.49999990239607
-160.2962683,50.00197991,-38.0,166.49999990239607
-161.0432934,46.89039617,-38.0,166.49999990239607
-162.5373438,40.66722867,-34.8,166.49999990239607
-161.0432934,46.89039617,-34.8,166.49999990239607
-162.5373438,40.66722867,-38.0,166.49999990239607
-160.2962683,50.00197991,-31.6,166.49999990239607
-161.7903186,43.77881242,-31.6,166.49999990239607
-160.2962683,50.00197991,-28.4,166.49999990239607
-161.0432934,46.89039617,-31.6,166.49999990239607
-163.2843689,37.55564493,-38.0,166.49999990239607
-160.2962683,50.00197991,-34.8,166.49999990239607
-163.2843689,37.55564493,-34.8,166.49999990239607
-161.7903186,43.77881242,-38.0,166.49999990239607
-161.7903186,43.77881242,-28.4,166.49999990239607
-161.7903186,43.77881242,-34.8,166.49999990239607
-161.0432934,46.89039617,-28.4,166.49999990239607
-160.2962683,50.00197991,-41.2,166.49999990239607
-160.2962683,50.00197991,-47.6,166.49999990239607
-160.2962683,50.00197991,-44.4,166.49999990239607
-160.2962683,50.00197991,-50.8,166.49999990239607
-161.0432934,46.89039617,-44.4,166.49999990239607
-161.0432934,46.89039617,-41.2,166.49999990239607
-161.0432934,46.89039617,-47.6,166.49999990239607
-161.0432934,46.89039617,-50.8,166.49999990239607
-161.7903186,43.77881242,-41.2,166.49999990239607
-161.7903186,43.77881242,-47.6,166.49999990239607
-161.7903186,43.77881242,-44.4,166.49999990239607
-162.5373438,40.66722867,-31.6,166.49999990239607
-161.7903186,43.77881242,-50.8,166.49999990239607
-162.5373438,40.66722867,-50.8,166.49999990239607
-162.5373438,40.66722867,-47.6,166.49999990239607
-162.5373438,40.66722867,-41.2,166.49999990239607
-162.5373438,40.66722867,-44.4,166.49999990239607
-163.2843689,37.55564493,-44.4,166.49999990239607
-163.2843689,37.55564493,-47.6,166.49999990239607
-163.2843689,37.55564493,-41.2,166.49999990239607
-163.2843689,37.55564493,-50.8,166.49999990239607
-164.0313941,34.44406118,-50.8,166.49999990239607
-162.5373438,40.66722867,-28.4,166.49999990239607
-164.0313941,34.44406118,-47.6,166.49999990239607
-164.7784192,31.33247744,-50.8,166.49999990239607
-164.0313941,34.44406118,-44.4,166.49999990239607
-164.7784192,31.33247744,-47.6,166.49999990239607
-164.0313941,34.44406118,-41.2,166.49999990239607
-165.5254444,28.22089369,-50.8,166.49999990239607
-164.7784192,31.33247744,-44.4,166.49999990239607
-165.5254444,28.22089369,-47.6,166.49999990239607
-164.7784192,31.33247744,-41.2,166.49999990239607
-165.5254444,28.22089369,-44.4,166.49999990239607
-165.5254444,28.22089369,-41.2,166.49999990239607
-164.0313941,34.44406118,-28.4,166.49999990239607
-164.7784192,31.33247744,-34.8,166.49999990239607
-164.7784192,31.33247744,-28.4,166.49999990239607
-164.7784192,31.33247744,-38.0,166.49999990239607
-164.7784192,31.33247744,-31.6,166.49999990239607
-165.5254444,28.22089369,-31.6,166.49999990239607
-165.5254444,28.22089369,-28.4,166.49999990239607
-164.0313941,34.44406118,-31.6,166.49999990239607
-163.2843689,37.55564493,-31.6,166.49999990239607
-164.0313941,34.44406118,-38.0,166.49999990239607
-165.5254444,28.22089369,-34.8,166.49999990239607
-164.0313941,34.44406118,-34.8,166.49999990239607
-163.2843689,37.55564493,-28.4,166.49999990239607
-165.5254444,28.22089369,-38.0,166.49999990239607
-167.9022719,1.979563345,-14.8,175.50000019488684
-167.6512028,5.169698813,-14.8,175.50000019488684
-167.4001337,8.359834281,-24.4,175.50000019488684
-167.9022719,1.979563345,-18.0,175.50000019488684
-167.1490646,11.54996975,-18.0,175.50000019488684
-167.4001337,8.359834281,-18.0,175.50000019488684
-167.1490646,11.54996975,-14.8,175.50000019488684
-167.9022719,1.979563345,-24.4,175.50000019488684
-167.6512028,5.169698813,-21.2,175.50000019488684
-167.1490646,11.54996975,-24.4,175.50000019488684
-167.6512028,5.169698813,-18.0,175.50000019488684
-167.1490646,11.54996975,-21.2,175.50000019488684
-167.4001337,8.359834281,-14.8,175.50000019488684
-167.4001337,8.359834281,-21.2,175.50000019488684
-167.9022719,1.979563345,-21.2,175.50000019488684
-167.6512028,5.169698813,-24.4,175.50000019488684
-167.9022719,1.979563345,-11.6,175.50000019488684
-167.6512028,5.169698813,-11.6,175.50000019488684
-167.9022719,1.979563345,-8.4,175.50000019488684
-167.6512028,5.169698813,-8.4,175.50000019488684
-167.9022719,1.979563345,-2.0,175.50000019488684
-167.9022719,1.979563345,-5.2,175.50000019488684
-167.6512028,5.169698813,-2.0,175.50000019488684
-167.6512028,5.169698813,-5.2,175.50000019488684
-167.4001337,8.359834281,-11.6,175.50000019488684
-167.4001337,8.359834281,-5.2,175.50000019488684
-167.4001337,8.359834281,-8.4,175.50000019488684
-166.8979955,14.74010522,-14.8,175.50000019488684
-167.4001337,8.359834281,-2.0,175.50000019488684
-167.1490646,11.54996975,-11.6,175.50000019488684
-167.1490646,11.54996975,-2.0,175.50000019488684
-167.1490646,11.54996975,-5.2,175.50000019488684
-167.1490646,11.54996975,-8.4,175.50000019488684
-166.8979955,14.74010522,-11.6,175.50000019488684
-166.8979955,14.74010522,-8.4,175.50000019488684
-166.8979955,14.74010522,-2.0,175.50000019488684
-166.8979955,14.74010522,-5.2,175.50000019488684
-166.6469264,17.93024068,-2.0,175.50000019488684
-166.8979955,14.74010522,-18.0,175.50000019488684
-166.6469264,17.93024068,-5.2,175.50000019488684
-166.6469264,17.93024068,-8.4,175.50000019488684
-166.6469264,17.93024068,-11.6,175.50000019488684
-166.3958573,21.12037615,-5.2,175.50000019488684
-166.3958573,21.12037615,-2.0,175.50000019488684
-166.1447882,24.31051162,-2.0,175.50000019488684
-166.3958573,21.12037615,-11.6,175.50000019488684
-166.1447882,24.31051162,-5.2,175.50000019488684
-166.3958573,21.12037615,-8.4,175.50000019488684
-166.1447882,24.31051162,-11.6,175.50000019488684
-166.1447882,24.31051162,-8.4,175.50000019488684
-166.6469264,17.93024068,-21.2,175.50000019488684
-166.3958573,21.12037615,-21.2,175.50000019488684
-166.3958573,21.12037615,-24.4,175.50000019488684
-166.3958573,21.12037615,-14.8,175.50000019488684
-166.3958573,21.12037615,-18.0,175.50000019488684
-166.1447882,24.31051162,-21.2,175.50000019488684
-166.1447882,24.31051162,-24.4,175.50000019488684
-166.6469264,17.93024068,-24.4,175.50000019488684
-166.8979955,14.74010522,-24.4,175.50000019488684
-166.6469264,17.93024068,-14.8,175.50000019488684
-166.1447882,24.31051162,-18.0,175.50000019488684
-166.6469264,17.93024068,-18.0,175.50000019488684
-166.8979955,14.74010522,-21.2,175.50000019488684
-166.1447882,24.31051162,-14.8,175.50000019488684
-166.1447882,24.31051162,-38.0,175.50000019488684
-166.3958573,21.12037615,-38.0,175.50000019488684
-166.8979955,14.74010522,-34.8,175.50000019488684
-166.3958573,21.12037615,-34.8,175.50000019488684
-166.8979955,14.74010522,-38.0,175.50000019488684
-166.1447882,24.31051162,-31.6,175.50000019488684
-166.6469264,17.93024068,-31.6,175.50000019488684
-166.1447882,24.31051162,-28.4,175.50000019488684
-166.3958573,21.12037615,-31.6,175.50000019488684
-167.1490646,11.54996975,-38.0,175.50000019488684
-166.1447882,24.31051162,-34.8,175.50000019488684
-167.1490646,11.54996975,-34.8,175.50000019488684
-166.6469264,17.93024068,-38.0,175.50000019488684
-166.6469264,17.93024068,-28.4,175.50000019488684
-166.6469264,17.93024068,-34.8,175.50000019488684
-166.3958573,21.12037615,-28.4,175.50000019488684
-166.1447882,24.31051162,-41.2,175.50000019488684
-166.1447882,24.31051162,-47.6,175.50000019488684
-166.1447882,24.31051162,-44.4,175.50000019488684
-166.1447882,24.31051162,-50.8,175.50000019488684
-166.3958573,21.12037615,-44.4,175.50000019488684
-166.3958573,21.12037615,-41.2,175.50000019488684
-166.3958573,21.12037615,-47.6,175.50000019488684
-166.3958573,21.12037615,-50.8,175.50000019488684
-166.6469264,17.93024068,-41.2,175.50000019488684
-166.6469264,17.93024068,-47.6,175.50000019488684
-166.6469264,17.93024068,-44.4,175.50000019488684
-166.8979955,14.74010522,-31.6,175.50000019488684
-166.6469264,17.93024068,-50.8,175.50000019488684
-166.8979955,14.74010522,-50.8,175.50000019488684
-166.8979955,14.74010522,-47.6,175.50000019488684
-166.8979955,14.74010522,-41.2,175.50000019488684
-166.8979955,14.74010522,-44.4,175.50000019488684
-167.1490646,11.54996975,-44.4,175.50000019488684
-167.1490646,11.54996975,-47.6,175.50000019488684
-167.1490646,11.54996975,-41.2,175.50000019488684
-167.1490646,11.54996975,-50.8,175.50000019488684
-167.4001337,8.359834281,-50.8,175.50000019488684
-166.8979955,14.74010522,-28.4,175.50000019488684
-167.4001337,8.359834281,-47.6,175.50000019488684
-167.6512028,5.169698813,-50.8,175.50000019488684
-167.4001337,8.359834281,-44.4,175.50000019488684
-167.6512028,5.169698813,-47.6,175.50000019488684
-167.4001337,8.359834281,-41.2,175.50000019488684
-167.9022719,1.979563345,-50.8,175.50000019488684
-167.6512028,5.169698813,-44.4,175.50000019488684
-167.9022719,1.979563345,-47.6,175.50000019488684
-167.6512028,5.169698813,-41.2,175.50000019488684
-167.9022719,1.979563345,-44.4,175.50000019488684
-167.9022719,1.979563345,-41.2,175.50000019488684
-167.4001337,8.359834281,-28.4,175.50000019488684
-167.6512028,5.169698813,-34.8,175.50000019488684
-167.6512028,5.169698813,-28.4,175.50000019488684
-167.6512028,5.169698813,-38.0,175.50000019488684
-167.6512028,5.169698813,-31.6,175.50000019488684
-167.9022719,1.979563345,-31.6,175.50000019488684
-167.9022719,1.979563345,-28.4,175.50000019488684
-167.4001337,8.359834281,-31.6,175.50000019488684
-167.1490646,11.54996975,-31.6,175.50000019488684
-167.4001337,8.359834281,-38.0,175.50000019488684
-167.9022719,1.979563345,-34.8,175.50000019488684
-167.4001337,8.359834281,-34.8,175.50000019488684
-167.1490646,11.54996975,-28.4,175.50000019488684
-167.9022719,1.979563345,-38.0,175.50000019488684
-166.1447883,-24.31051042,-14.8,-175.50000019488684
-166.3958574,-21.12037495,-14.8,-175.50000019488684
-166.6469265,-17.93023949,-24.4,-175.50000019488684
-166.1447883,-24.31051042,-18.0,-175.50000019488684
-166.8979956,-14.74010402,-18.0,-175.50000019488684
-166.6469265,-17.93023949,-18.0,-175.50000019488684
-166.8979956,-14.74010402,-14.8,-175.50000019488684
-166.1447883,-24.31051042,-24.4,-175.50000019488684
-166.3958574,-21.12037495,-21.2,-175.50000019488684
-166.8979956,-14.74010402,-24.4,-175.50000019488684
-166.3958574,-21.12037495,-18.0,-175.50000019488684
-166.8979956,-14.74010402,-21.2,-175.50000019488684
-166.6469265,-17.93023949,-14.8,-175.50000019488684
-166.6469265,-17.93023949,-21.2,-175.50000019488684
-166.1447883,-24.31051042,-21.2,-175.50000019488684
-166.3958574,-21.12037495,-24.4,-175.50000019488684
-166.1447883,-24.31051042,-11.6,-175.50000019488684
-166.3958574,-21.12037495,-11.6,-175.50000019488684
-166.1447883,-24.31051042,-8.4,-175.50000019488684
-166.3958574,-21.12037495,-8.4,-175.50000019488684
-166.1447883,-24.31051042,-2.0,-175.50000019488684
-166.1447883,-24.31051042,-5.2,-175.50000019488684
-166.3958574,-21.12037495,-2.0,-175.50000019488684
-166.3958574,-21.12037495,-5.2,-175.50000019488684
-166.6469265,-17.93023949,-11.6,-175.50000019488684
-166.6469265,-17.93023949,-5.2,-175.50000019488684
-166.6469265,-17.93023949,-8.4,-175.50000019488684
-167.1490647,-11.54996855,-14.8,-175.50000019488684
-166.6469265,-17.93023949,-2.0,-175.50000019488684
-166.8979956,-14.74010402,-11.6,-175.50000019488684
-166.8979956,-14.74010402,-2.0,-175.50000019488684
-166.8979956,-14.74010402,-5.2,-175.50000019488684
-166.8979956,-14.74010402,-8.4,-175.50000019488684
-167.1490647,-11.54996855,-11.6,-175.50000019488684
-167.1490647,-11.54996855,-8.4,-175.50000019488684
-167.1490647,-11.54996855,-2.0,-175.50000019488684
-167.1490647,-11.54996855,-5.2,-175.50000019488684
-167.4001338,-8.359833082,-2.0,-175.50000019488684
-167.1490647,-11.54996855,-18.0,-175.50000019488684
-167.4001338,-8.359833082,-5.2,-175.50000019488684
-167.4001338,-8.359833082,-8.4,-175.50000019488684
-167.4001338,-8.359833082,-11.6,-175.50000019488684
-167.6512029,-5.169697614,-5.2,-175.50000019488684
-167.6512029,-5.169697614,-2.0,-175.50000019488684
-167.902272,-1.979562146,-2.0,-175.50000019488684
-167.6512029,-5.169697614,-11.6,-175.50000019488684
-167.902272,-1.979562146,-5.2,-175.50000019488684
-167.6512029,-5.169697614,-8.4,-175.50000019488684
-167.902272,-1.979562146,-11.6,-175.50000019488684
-167.902272,-1.979562146,-8.4,-175.50000019488684
-167.4001338,-8.359833082,-21.2,-175.50000019488684
-167.6512029,-5.169697614,-21.2,-175.50000019488684
-167.6512029,-5.169697614,-24.4,-175.50000019488684
-167.6512029,-5.169697614,-14.8,-175.50000019488684
-167.6512029,-5.169697614,-18.0,-175.50000019488684
-167.902272,-1.979562146,-21.2,-175.50000019488684
-167.902272,-1.979562146,-24.4,-175.50000019488684
-167.4001338,-8.359833082,-24.4,-175.50000019488684
-167.1490647,-11.54996855,-24.4,-175.50000019488684
-167.4001338,-8.359833082,-14.8,-175.50000019488684
-167.902272,-1.979562146,-18.0,-175.50000019488684
-167.4001338,-8.359833082,-18.0,-175.50000019488684
-167.1490647,-11.54996855,-21.2,-175.50000019488684
-167.902272,-1.979562146,-14.8,-175.50000019488684
-167.902272,-1.979562146,-38.0,-175.50000019488684
-167.6512029,-5.169697614,-38.0,-175.50000019488684
-167.1490647,-11.54996855,-34.8,-175.50000019488684
-167.6512029,-5.169697614,-34.8,-175.50000019488684
-167.1490647,-11.54996855,-38.0,-175.50000019488684
-167.902272,-1.979562146,-31.6,-175.50000019488684
-167.4001338,-8.359833082,-31.6,-175.50000019488684
-167.902272,-1.979562146,-28.4,-175.50000019488684
-167.6512029,-5.169697614,-31.6,-175.50000019488684
-166.8979956,-14.74010402,-38.0,-175.50000019488684
-167.902272,-1.979562146,-34.8,-175.50000019488684
-166.8979956,-14.74010402,-34.8,-175.50000019488684
-167.4001338,-8.359833082,-38.0,-175.50000019488684
-167.4001338,-8.359833082,-28.4,-175.50000019488684
-167.4001338,-8.359833082,-34.8,-175.50000019488684
-167.6512029,-5.169697614,-28.4,-175.50000019488684
-167.902272,-1.979562146,-41.2,-175.50000019488684
-167.902272,-1.979562146,-47.6,-175.50000019488684
-167.902272,-1.979562146,-44.4,-175.50000019488684
-167.902272,-1.979562146,-50.8,-175.50000019488684
-167.6512029,-5.169697614,-44.4,-175.50000019488684
-167.6512029,-5.169697614,-41.2,-175.50000019488684
-167.6512029,-5.169697614,-47.6,-175.50000019488684
-167.6512029,-5.169697614,-50.8,-175.50000019488684
-167.4001338,-8.359833082,-41.2,-175.50000019488684
-167.4001338,-8.359833082,-47.6,-175.50000019488684
-167.4001338,-8.359833082,-44.4,-175.50000019488684
-167.1490647,-11.54996855,-31.6,-175.50000019488684
-167.4001338,-8.359833082,-50.8,-175.50000019488684
-167.1490647,-11.54996855,-50.8,-175.50000019488684
-167.1490647,-11.54996855,-47.6,-175.50000019488684
-167.1490647,-11.54996855,-41.2,-175.50000019488684
-167.1490647,-11.54996855,-44.4,-175.50000019488684
-166.8979956,-14.74010402,-44.4,-175.50000019488684
-166.8979956,-14.74010402,-47.6,-175.50000019488684
-166.8979956,-14.74010402,-41.2,-175.50000019488684
-166.8979956,-14.74010402,-50.8,-175.50000019488684
-166.6469265,-17.93023949,-50.8,-175.50000019488684
-167.1490647,-11.54996855,-28.4,-175.50000019488684
-166.6469265,-17.93023949,-47.6,-175.50000019488684
-166.3958574,-21.12037495,-50.8,-175.50000019488684
-166.6469265,-17.93023949,-44.4,-175.50000019488684
-166.3958574,-21.12037495,-47.6,-175.50000019488684
-166.6469265,-17.93023949,-41.2,-175.50000019488684
-166.1447883,-24.31051042,-50.8,-175.50000019488684
-166.3958574,-21.12037495,-44.4,-175.50000019488684
-166.1447883,-24.31051042,-47.6,-175.50000019488684
-166.3958574,-21.12037495,-41.2,-175.50000019488684
-166.1447883,-24.31051042,-44.4,-175.50000019488684
-166.1447883,-24.31051042,-41.2,-175.50000019488684
-166.6469265,-17.93023949,-28.4,-175.50000019488684
-166.3958574,-21.12037495,-34.8,-175.50000019488684
-166.3958574,-21.12037495,-28.4,-175.50000019488684
-166.3958574,-21.12037495,-38.0,-175.50000019488684
-166.3958574,-21.12037495,-31.6,-175.50000019488684
-166.1447883,-24.31051042,-31.6,-175.50000019488684
-166.1447883,-24.31051042,-28.4,-175.50000019488684
-166.6469265,-17.93023949,-31.6,-175.50000019488684
-166.8979956,-14.74010402,-31.6,-175.50000019488684
-166.6469265,-17.93023949,-38.0,-175.50000019488684
-166.1447883,-24.31051042,-34.8,-175.50000019488684
-166.6469265,-17.93023949,-34.8,-175.50000019488684
-166.8979956,-14.74010402,-28.4,-175.50000019488684
-166.1447883,-24.31051042,-38.0,-175.50000019488684
-160.2962685,-50.00197874,-14.8,-166.49999990239607
-161.0432937,-46.890395,-14.8,-166.49999990239607
-161.7903189,-43.77881125,-24.4,-166.49999990239607
-160.2962685,-50.00197874,-18.0,-166.49999990239607
-162.537344,-40.6672275,-18.0,-166.49999990239607
-161.7903189,-43.77881125,-18.0,-166.49999990239607
-162.537344,-40.6672275,-14.8,-166.49999990239607
-160.2962685,-50.00197874,-24.4,-166.49999990239607
-161.0432937,-46.890395,-21.2,-166.49999990239607
-162.537344,-40.6672275,-24.4,-166.49999990239607
-161.0432937,-46.890395,-18.0,-166.49999990239607
-162.537344,-40.6672275,-21.2,-166.49999990239607
-161.7903189,-43.77881125,-14.8,-166.49999990239607
-161.7903189,-43.77881125,-21.2,-166.49999990239607
-160.2962685,-50.00197874,-21.2,-166.49999990239607
-161.0432937,-46.890395,-24.4,-166.49999990239607
-160.2962685,-50.00197874,-11.6,-166.49999990239607
-161.0432937,-46.890395,-11.6,-166.49999990239607
-160.2962685,-50.00197874,-8.4,-166.49999990239607
-161.0432937,-46.890395,-8.4,-166.49999990239607
-160.2962685,-50.00197874,-2.0,-166.49999990239607
-160.2962685,-50.00197874,-5.2,-166.49999990239607
-161.0432937,-46.890395,-2.0,-166.49999990239607
-161.0432937,-46.890395,-5.2,-166.49999990239607
-161.7903189,-43.77881125,-11.6,-166.49999990239607
-161.7903189,-43.77881125,-5.2,-166.49999990239607
-161.7903189,-43.77881125,-8.4,-166.49999990239607
-163.2843692,-37.55564376,-14.8,-166.49999990239607
-161.7903189,-43.77881125,-2.0,-166.49999990239607
-162.537344,-40.6672275,-11.6,-166.49999990239607
-162.537344,-40.6672275,-2.0,-166.49999990239607
-162.537344,-40.6672275,-5.2,-166.49999990239607
-162.537344,-40.6672275,-8.4,-166.49999990239607
-163.2843692,-37.55564376,-11.6,-166.49999990239607
-163.2843692,-37.55564376,-8.4,-166.49999990239607
-163.2843692,-37.55564376,-2.0,-166.49999990239607
-163.2843692,-37.55564376,-5.2,-166.49999990239607
-164.0313944,-34.44406001,-2.0,-166.49999990239607
-163.2843692,-37.55564376,-18.0,-166.49999990239607
-164.0313944,-34.44406001,-5.2,-166.49999990239607
-164.0313944,-34.44406001,-8.4,-166.49999990239607
-164.0313944,-34.44406001,-11.6,-166.49999990239607
-164.7784195,-31.33247627,-5.2,-166.49999990239607
-164.7784195,-31.33247627,-2.0,-166.49999990239607
-165.5254447,-28.22089252,-2.0,-166.49999990239607
-164.7784195,-31.33247627,-11.6,-166.49999990239607
-165.5254447,-28.22089252,-5.2,-166.49999990239607
-164.7784195,-31.33247627,-8.4,-166.49999990239607
-165.5254447,-28.22089252,-11.6,-166.49999990239607
-165.5254447,-28.22089252,-8.4,-166.49999990239607
-164.0313944,-34.44406001,-21.2,-166.49999990239607
-164.7784195,-31.33247627,-21.2,-166.49999990239607
-164.7784195,-31.33247627,-24.4,-166.49999990239607
-164.7784195,-31.33247627,-14.8,-166.49999990239607
-164.7784195,-31.33247627,-18.0,-166.49999990239607
-165.5254447,-28.22089252,-21.2,-166.49999990239607
-165.5254447,-28.22089252,-24.4,-166.49999990239607
-164.0313944,-34.44406001,-24.4,-166.49999990239607
-163.2843692,-37.55564376,-24.4,-166.49999990239607
-164.0313944,-34.44406001,-14.8,-166.49999990239607
-165.5254447,-28.22089252,-18.0,-166.49999990239607
-164.0313944,-34.44406001,-18.0,-166.49999990239607
-163.2843692,-37.55564376,-21.2,-166.49999990239607
-165.5254447,-28.22089252,-14.8,-166.49999990239607
-165.5254447,-28.22089252,-38.0,-166.49999990239607
-164.7784195,-31.33247627,-38.0,-166.49999990239607
-163.2843692,-37.55564376,-34.8,-166.49999990239607
-164.7784195,-31.33247627,-34.8,-166.49999990239607
-163.2843692,-37.55564376,-38.0,-166.49999990239607
-165.5254447,-28.22089252,-31.6,-166.49999990239607
-164.0313944,-34.44406001,-31.6,-166.49999990239607
-165.5254447,-28.22089252,-28.4,-166.49999990239607
-164.7784195,-31.33247627,-31.6,-166.49999990239607
-162.537344,-40.6672275,-38.0,-166.49999990239607
-165.5254447,-28.22089252,-34.8,-166.49999990239607
-162.537344,-40.6672275,-34.8,-166.49999990239607
-164.0313944,-34.44406001,-38.0,-166.49999990239607
-164.0313944,-34.44406001,-28.4,-166.49999990239607
-164.0313944,-34.44406001,-34.8,-166.49999990239607
-164.7784195,-31.33247627,-28.4,-166.49999990239607
-165.5254447,-28.22089252,-41.2,-166.49999990239607
-165.5254447,-28.22089252,-47.6,-166.49999990239607
-165.5254447,-28.22089252,-44.4,-166.49999990239607
-165.5254447,-28.22089252,-50.8,-166.49999990239607
-164.7784195,-31.33247627,-44.4,-166.49999990239607
-164.7784195,-31.33247627,-41.2,-166.49999990239607
-164.7784195,-31.33247627,-47.6,-166.49999990239607
-164.7784195,-31.33247627,-50.8,-166.49999990239607
-164.0313944,-34.44406001,-41.2,-166.49999990239607
-164.0313944,-34.44406001,-47.6,-166.49999990239607
-164.0313944,-34.44406001,-44.4,-166.49999990239607
-163.2843692,-37.55564376,-31.6,-166.49999990239607
-164.0313944,-34.44406001,-50.8,-166.49999990239607
-163.2843692,-37.55564376,-50.8,-166.49999990239607
-163.2843692,-37.55564376,-47.6,-166.49999990239607
-163.2843692,-37.55564376,-41.2,-166.49999990239607
-163.2843692,-37.55564376,-44.4,-166.49999990239607
-162.537344,-40.6672275,-44.4,-166.49999990239607
-162.537344,-40.6672275,-47.6,-166.49999990239607
-162.537344,-40.6672275,-41.2,-166.49999990239607
-162.537344,-40.6672275,-50.8,-166.49999990239607
-161.7903189,-43.77881125,-50.8,-166.49999990239607
-163.2843692,-37.55564376,-28.4,-166.49999990239607
-161.7903189,-43.77881125,-47.6,-166.49999990239607
-161.0432937,-46.890395,-50.8,-166.49999990239607
-161.7903189,-43.77881125,-44.4,-166.49999990239607
-161.0432937,-46.890395,-47.6,-166.49999990239607
-161.7903189,-43.77881125,-41.2,-166.49999990239607
-160.2962685,-50.00197874,-50.8,-166.49999990239607
-161.0432937,-46.890395,-44.4,-166.49999990239607
-160.2962685,-50.00197874,-47.6,-166.49999990239607
-161.0432937,-46.890395,-41.2,-166.49999990239607
-160.2962685,-50.00197874,-44.4,-166.49999990239607
-160.2962685,-50.00197874,-41.2,-166.49999990239607
-161.7903189,-43.77881125,-28.4,-166.49999990239607
-161.0432937,-46.890395,-34.8,-166.49999990239607
-161.0432937,-46.890395,-28.4,-166.49999990239607
-161.0432937,-46.890395,-38.0,-166.49999990239607
-161.0432937,-46.890395,-31.6,-166.49999990239607
-160.2962685,-50.00197874,-31.6,-166.49999990239607
-160.2962685,-50.00197874,-28.4,-166.49999990239607
-161.7903189,-43.77881125,-31.6,-166.49999990239607
-162.537344,-40.6672275,-31.6,-166.49999990239607
-161.7903189,-43.77881125,-38.0,-166.49999990239607
-160.2962685,-50.00197874,-34.8,-166.49999990239607
-161.7903189,-43.77881125,-34.8,-166.49999990239607
-162.537344,-40.6672275,-28.4,-166.49999990239607
-160.2962685,-50.00197874,-38.0,-166.49999990239607
-100.2919798,-134.6722331,38.0,-130.50000005046996
-102.7252789,-132.5939994,38.0,-130.50000005046996
-105.158578,-130.5157656,28.4,-130.50000005046996
-100.2919798,-134.6722331,34.8,-130.50000005046996
-107.5918771,-128.4375319,34.8,-130.50000005046996
-105.158578,-130.5157656,34.8,-130.50000005046996
-107.5918771,-128.4375319,38.0,-130.50000005046996
-100.2919798,-134.6722331,28.4,-130.50000005046996
-102.7252789,-132.5939994,31.6,-130.50000005046996
-107.5918771,-128.4375319,28.4,-130.50000005046996
-102.7252789,-132.5939994,34.8,-130.50000005046996
-107.5918771,-128.4375319,31.6,-130.50000005046996
-105.158578,-130.5157656,38.0,-130.50000005046996
-105.158578,-130.5157656,31.6,-130.50000005046996
-100.2919798,-134.6722331,31.6,-130.50000005046996
-102.7252789,-132.5939994,28.4,-130.50000005046996
-100.2919798,-134.6722331,41.2,-130.50000005046996
-102.7252789,-132.5939994,41.2,-130.50000005046996
-100.2919798,-134.6722331,44.4,-130.50000005046996
-102.7252789,-132.5939994,44.4,-130.50000005046996
-100.2919798,-134.6722331,50.8,-130.50000005046996
-100.2919798,-134.6722331,47.6,-130.50000005046996
-102.7252789,-132.5939994,50.8,-130.50000005046996
-102.7252789,-132.5939994,47.6,-130.50000005046996
-105.158578,-130.5157656,41.2,-130.50000005046996
-105.158578,-130.5157656,47.6,-130.50000005046996
-105.158578,-130.5157656,44.4,-130.50000005046996
-110.0251761,-126.3592981,38.0,-130.50000005046996
-105.158578,-130.5157656,50.8,-130.50000005046996
-107.5918771,-128.4375319,41.2,-130.50000005046996
-107.5918771,-128.4375319,50.8,-130.50000005046996
-107.5918771,-128.4375319,47.6,-130.50000005046996
-107.5918771,-128.4375319,44.4,-130.50000005046996
-110.0251761,-126.3592981,41.2,-130.50000005046996
-110.0251761,-126.3592981,44.4,-130.50000005046996
-110.0251761,-126.3592981,50.8,-130.50000005046996
-110.0251761,-126.3592981,47.6,-130.50000005046996
-112.4584752,-124.2810643,50.8,-130.50000005046996
-110.0251761,-126.3592981,34.8,-130.50000005046996
-112.4584752,-124.2810643,47.6,-130.50000005046996
-112.4584752,-124.2810643,44.4,-130.50000005046996
-112.4584752,-124.2810643,41.2,-130.50000005046996
-114.8917743,-122.2028306,47.6,-130.50000005046996
-114.8917743,-122.2028306,50.8,-130.50000005046996
-117.3250734,-120.1245968,50.8,-130.50000005046996
-114.8917743,-122.2028306,41.2,-130.50000005046996
-117.3250734,-120.1245968,47.6,-130.50000005046996
-114.8917743,-122.2028306,44.4,-130.50000005046996
-117.3250734,-120.1245968,41.2,-130.50000005046996
-117.3250734,-120.1245968,44.4,-130.50000005046996
-112.4584752,-124.2810643,31.6,-130.50000005046996
-114.8917743,-122.2028306,31.6,-130.50000005046996
-114.8917743,-122.2028306,28.4,-130.50000005046996
-114.8917743,-122.2028306,38.0,-130.50000005046996
-114.8917743,-122.2028306,34.8,-130.50000005046996
-117.3250734,-120.1245968,31.6,-130.50000005046996
-117.3250734,-120.1245968,28.4,-130.50000005046996
-112.4584752,-124.2810643,28.4,-130.50000005046996
-110.0251761,-126.3592981,28.4,-130.50000005046996
-112.4584752,-124.2810643,38.0,-130.50000005046996
-117.3250734,-120.1245968,34.8,-130.50000005046996
-112.4584752,-124.2810643,34.8,-130.50000005046996
-110.0251761,-126.3592981,31.6,-130.50000005046996
-117.3250734,-120.1245968,38.0,-130.50000005046996
-117.3250734,-120.1245968,14.8,-130.50000005046996
-114.8917743,-122.2028306,14.8,-130.50000005046996
-110.0251761,-126.3592981,18.0,-130.50000005046996
-114.8917743,-122.2028306,18.0,-130.50000005046996
-110.0251761,-126.3592981,14.8,-130.50000005046996
-117.3250734,-120.1245968,21.2,-130.50000005046996
-112.4584752,-124.2810643,21.2,-130.50000005046996
-117.3250734,-120.1245968,24.4,-130.50000005046996
-114.8917743,-122.2028306,21.2,-130.50000005046996
-107.5918771,-128.4375319,14.8,-130.50000005046996
-117.3250734,-120.1245968,18.0,-130.50000005046996
-107.5918771,-128.4375319,18.0,-130.50000005046996
-112.4584752,-124.2810643,14.8,-130.50000005046996
-112.4584752,-124.2810643,24.4,-130.50000005046996
-112.4584752,-124.2810643,18.0,-130.50000005046996
-114.8917743,-122.2028306,24.4,-130.50000005046996
-117.3250734,-120.1245968,11.6,-130.50000005046996
-117.3250734,-120.1245968,5.2,-130.50000005046996
-117.3250734,-120.1245968,8.4,-130.50000005046996
-117.3250734,-120.1245968,2.0,-130.50000005046996
-114.8917743,-122.2028306,8.4,-130.50000005046996
-114.8917743,-122.2028306,11.6,-130.50000005046996
-114.8917743,-122.2028306,5.2,-130.50000005046996
-114.8917743,-122.2028306,2.0,-130.50000005046996
-112.4584752,-124.2810643,11.6,-130.50000005046996
-112.4584752,-124.2810643,5.2,-130.50000005046996
-112.4584752,-124.2810643,8.4,-130.50000005046996
-110.0251761,-126.3592981,21.2,-130.50000005046996
-112.4584752,-124.2810643,2.0,-130.50000005046996
-110.0251761,-126.3592981,2.0,-130.50000005046996
-110.0251761,-126.3592981,5.2,-130.50000005046996
-110.0251761,-126.3592981,11.6,-130.50000005046996
-110.0251761,-126.3592981,8.4,-130.50000005046996
-107.5918771,-128.4375319,8.4,-130.50000005046996
-107.5918771,-128.4375319,5.2,-130.50000005046996
-107.5918771,-128.4375319,11.6,-130.50000005046996
-107.5918771,-128.4375319,2.0,-130.50000005046996
-105.158578,-130.5157656,2.0,-130.50000005046996
-110.0251761,-126.3592981,24.4,-130.50000005046996
-105.158578,-130.5157656,5.2,-130.50000005046996
-102.7252789,-132.5939994,2.0,-130.50000005046996
-105.158578,-130.5157656,8.4,-130.50000005046996
-102.7252789,-132.5939994,5.2,-130.50000005046996
-105.158578,-130.5157656,11.6,-130.50000005046996
-100.2919798,-134.6722331,2.0,-130.50000005046996
-102.7252789,-132.5939994,8.4,-130.50000005046996
-100.2919798,-134.6722331,5.2,-130.50000005046996
-102.7252789,-132.5939994,11.6,-130.50000005046996
-100.2919798,-134.6722331,8.4,-130.50000005046996
-100.2919798,-134.6722331,11.6,-130.50000005046996
-105.158578,-130.5157656,24.4,-130.50000005046996
-102.7252789,-132.5939994,18.0,-130.50000005046996
-102.7252789,-132.5939994,24.4,-130.50000005046996
-102.7252789,-132.5939994,14.8,-130.50000005046996
-102.7252789,-132.5939994,21.2,-130.50000005046996
-100.2919798,-134.6722331,21.2,-130.50000005046996
-100.2919798,-134.6722331,24.4,-130.50000005046996
-105.158578,-130.5157656,21.2,-130.50000005046996
-107.5918771,-128.4375319,21.2,-130.50000005046996
-105.158578,-130.5157656,14.8,-130.50000005046996
-100.2919798,-134.6722331,18.0,-130.50000005046996
-105.158578,-130.5157656,18.0,-130.50000005046996
-107.5918771,-128.4375319,24.4,-130.50000005046996
-100.2919798,-134.6722331,14.8,-130.50000005046996
-120.1245978,-117.3250723,38.0,-139.50000003528618
-122.2028316,-114.8917732,38.0,-139.50000003528618
-124.2810653,-112.4584741,28.4,-139.50000003528618
-120.1245978,-117.3250723,34.8,-139.50000003528618
-126.3592991,-110.025175,34.8,-139.50000003528618
-124.2810653,-112.4584741,34.8,-139.50000003528618
-126.3592991,-110.025175,38.0,-139.50000003528618
-120.1245978,-117.3250723,28.4,-139.50000003528618
-122.2028316,-114.8917732,31.6,-139.50000003528618
-126.3592991,-110.025175,28.4,-139.50000003528618
-122.2028316,-114.8917732,34.8,-139.50000003528618
-126.3592991,-110.025175,31.6,-139.50000003528618
-124.2810653,-112.4584741,38.0,-139.50000003528618
-124.2810653,-112.4584741,31.6,-139.50000003528618
-120.1245978,-117.3250723,31.6,-139.50000003528618
-122.2028316,-114.8917732,28.4,-139.50000003528618
-120.1245978,-117.3250723,41.2,-139.50000003528618
-122.2028316,-114.8917732,41.2,-139.50000003528618
-120.1245978,-117.3250723,44.4,-139.50000003528618
-122.2028316,-114.8917732,44.4,-139.50000003528618
-120.1245978,-117.3250723,50.8,-139.50000003528618
-120.1245978,-117.3250723,47.6,-139.50000003528618
-122.2028316,-114.8917732,50.8,-139.50000003528618
-122.2028316,-114.8917732,47.6,-139.50000003528618
-124.2810653,-112.4584741,41.2,-139.50000003528618
-124.2810653,-112.4584741,47.6,-139.50000003528618
-124.2810653,-112.4584741,44.4,-139.50000003528618
-128.4375328,-107.5918759,38.0,-139.50000003528618
-124.2810653,-112.4584741,50.8,-139.50000003528618
-126.3592991,-110.025175,41.2,-139.50000003528618
-126.3592991,-110.025175,50.8,-139.50000003528618
-126.3592991,-110.025175,47.6,-139.50000003528618
-126.3592991,-110.025175,44.4,-139.50000003528618
-128.4375328,-107.5918759,41.2,-139.50000003528618
-128.4375328,-107.5918759,44.4,-139.50000003528618
-128.4375328,-107.5918759,50.8,-139.50000003528618
-128.4375328,-107.5918759,47.6,-139.50000003528618
-130.5157666,-105.1585768,50.8,-139.50000003528618
-128.4375328,-107.5918759,34.8,-139.50000003528618
-130.5157666,-105.1585768,47.6,-139.50000003528618
-130.5157666,-105.1585768,44.4,-139.50000003528618
-130.5157666,-105.1585768,41.2,-139.50000003528618
-132.5940003,-102.7252777,47.6,-139.50000003528618
-132.5940003,-102.7252777,50.8,-139.50000003528618
-134.6722341,-100.2919786,50.8,-139.50000003528618
-132.5940003,-102.7252777,41.2,-139.50000003528618
-134.6722341,-100.2919786,47.6,-139.50000003528618
-132.5940003,-102.7252777,44.4,-139.50000003528618
-134.6722341,-100.2919786,41.2,-139.50000003528618
-134.6722341,-100.2919786,44.4,-139.50000003528618
-130.5157666,-105.1585768,31.6,-139.50000003528618
-132.5940003,-102.7252777,31.6,-139.50000003528618
-132.5940003,-102.7252777,28.4,-139.50000003528618
-132.5940003,-102.7252777,38.0,-139.50000003528618
-132.5940003,-102.7252777,34.8,-139.50000003528618
-134.6722341,-100.2919786,31.6,-139.50000003528618
-134.6722341,-100.2919786,28.4,-139.50000003528618
-130.5157666,-105.1585768,28.4,-139.50000003528618
-128.4375328,-107.5918759,28.4,-139.50000003528618
-130.5157666,-105.1585768,38.0,-139.50000003528618
-134.6722341,-100.2919786,34.8,-139.50000003528618
-130.5157666,-105.1585768,34.8,-139.50000003528618
-128.4375328,-107.5918759,31.6,-139.50000003528618
-134.6722341,-100.2919786,38.0,-139.50000003528618
-134.6722341,-100.2919786,14.8,-139.50000003528618
-132.5940003,-102.7252777,14.8,-139.50000003528618
-128.4375328,-107.5918759,18.0,-139.50000003528618
-132.5940003,-102.7252777,18.0,-139.50000003528618
-128.4375328,-107.5918759,14.8,-139.50000003528618
-134.6722341,-100.2919786,21.2,-139.50000003528618
-130.5157666,-105.1585768,21.2,-139.50000003528618
-134.6722341,-100.2919786,24.4,-139.50000003528618
-132.5940003,-102.7252777,21.2,-139.50000003528618
-126.3592991,-110.025175,14.8,-139.50000003528618
-134.6722341,-100.2919786,18.0,-139.50000003528618
-126.3592991,-110.025175,18.0,-139.50000003528618
-130.5157666,-105.1585768,14.8,-139.50000003528618
-130.5157666,-105.1585768,24.4,-139.50000003528618
-130.5157666,-105.1585768,18.0,-139.50000003528618
-132.5940003,-102.7252777,24.4,-139.50000003528618
-134.6722341,-100.2919786,11.6,-139.50000003528618
-134.6722341,-100.2919786,5.2,-139.50000003528618
-134.6722341,-100.2919786,8.4,-139.50000003528618
-134.6722341,-100.2919786,2.0,-139.50000003528618
-132.5940003,-102.7252777,8.4,-139.50000003528618
-132.5940003,-102.7252777,11.6,-139.50000003528618
-132.5940003,-102.7252777,5.2,-139.50000003528618
-132.5940003,-102.7252777,2.0,-139.50000003528618
-130.5157666,-105.1585768,11.6,-139.50000003528618
-130.5157666,-105.1585768,5.2,-139.50000003528618
-130.5157666,-105.1585768,8.4,-139.50000003528618
-128.4375328,-107.5918759,21.2,-139.50000003528618
-130.5157666,-105.1585768,2.0,-139.50000003528618
-128.4375328,-107.5918759,2.0,-139.50000003528618
-128.4375328,-107.5918759,5.2,-139.50000003528618
-128.4375328,-107.5918759,11.6,-139.50000003528618
-128.4375328,-107.5918759,8.4,-139.50000003528618
-126.3592991,-110.025175,8.4,-139.50000003528618
-126.3592991,-110.025175,5.2,-139.50000003528618
-126.3592991,-110.025175,11.6,-139.50000003528618
-126.3592991,-110.025175,2.0,-139.50000003528618
-124.2810653,-112.4584741,2.0,-139.50000003528618
-128.4375328,-107.5918759,24.4,-139.50000003528618
-124.2810653,-112.4584741,5.2,-139.50000003528618
-122.2028316,-114.8917732,2.0,-139.50000003528618
-124.2810653,-112.4584741,8.4,-139.50000003528618
-122.2028316,-114.8917732,5.2,-139.50000003528618
-124.2810653,-112.4584741,11.6,-139.50000003528618
-120.1245978,-117.3250723,2.0,-139.50000003528618
-122.2028316,-114.8917732,8.4,-139.50000003528618
-120.1245978,-117.3250723,5.2,-139.50000003528618
-122.2028316,-114.8917732,11.6,-139.50000003528618
-120.1245978,-117.3250723,8.4,-139.50000003528618
-120.1245978,-117.3250723,11.6,-139.50000003528618
-124.2810653,-112.4584741,24.4,-139.50000003528618
-122.2028316,-114.8917732,18.0,-139.50000003528618
-122.2028316,-114.8917732,24.4,-139.50000003528618
-122.2028316,-114.8917732,14.8,-139.50000003528618
-122.2028316,-114.8917732,21.2,-139.50000003528618
-120.1245978,-117.3250723,21.2,-139.50000003528618
-120.1245978,-117.3250723,24.4,-139.50000003528618
-124.2810653,-112.4584741,21.2,-139.50000003528618
-126.3592991,-110.025175,21.2,-139.50000003528618
-124.2810653,-112.4584741,14.8,-139.50000003528618
-120.1245978,-117.3250723,18.0,-139.50000003528618
-124.2810653,-112.4584741,18.0,-139.50000003528618
-126.3592991,-110.025175,24.4,-139.50000003528618
-120.1245978,-117.3250723,14.8,-139.50000003528618
-136.9993496,-97.08897877,38.0,-148.5000000708285
-138.671345,-94.36053025,38.0,-148.5000000708285
-140.3433404,-91.63208172,28.4,-148.5000000708285
-136.9993496,-97.08897877,34.8,-148.5000000708285
-142.0153358,-88.90363319,34.8,-148.5000000708285
-140.3433404,-91.63208172,34.8,-148.5000000708285
-142.0153358,-88.90363319,38.0,-148.5000000708285
-136.9993496,-97.08897877,28.4,-148.5000000708285
-138.671345,-94.36053025,31.6,-148.5000000708285
-142.0153358,-88.90363319,28.4,-148.5000000708285
-138.671345,-94.36053025,34.8,-148.5000000708285
-142.0153358,-88.90363319,31.6,-148.5000000708285
-140.3433404,-91.63208172,38.0,-148.5000000708285
-140.3433404,-91.63208172,31.6,-148.5000000708285
-136.9993496,-97.08897877,31.6,-148.5000000708285
-138.671345,-94.36053025,28.4,-148.5000000708285
-136.9993496,-97.08897877,41.2,-148.5000000708285
-138.671345,-94.36053025,41.2,-148.5000000708285
-136.9993496,-97.08897877,44.4,-148.5000000708285
-138.671345,-94.36053025,44.4,-148.5000000708285
-136.9993496,-97.08897877,50.8,-148.5000000708285
-136.9993496,-97.08897877,47.6,-148.5000000708285
-138.671345,-94.36053025,50.8,-148.5000000708285
-138.671345,-94.36053025,47.6,-148.5000000708285
-140.3433404,-91.63208172,41.2,-148.5000000708285
-140.3433404,-91.63208172,47.6,-148.5000000708285
-140.3433404,-91.63208172,44.4,-148.5000000708285
-143.6873312,-86.17518467,38.0,-148.5000000708285
-140.3433404,-91.63208172,50.8,-148.5000000708285
-142.0153358,-88.90363319,41.2,-148.5000000708285
-142.0153358,-88.90363319,50.8,-148.5000000708285
-142.0153358,-88.90363319,47.6,-148.5000000708285
-142.0153358,-88.90363319,44.4,-148.5000000708285
-143.6873312,-86.17518467,41.2,-148.5000000708285
-143.6873312,-86.17518467,44.4,-148.5000000708285
-143.6873312,-86.17518467,50.8,-148.5000000708285
-143.6873312,-86.17518467,47.6,-148.5000000708285
-145.3593266,-83.44673614,50.8,-148.5000000708285
-143.6873312,-86.17518467,34.8,-148.5000000708285
-145.3593266,-83.44673614,47.6,-148.5000000708285
-145.3593266,-83.44673614,44.4,-148.5000000708285
-145.3593266,-83.44673614,41.2,-148.5000000708285
-147.031322,-80.71828761,47.6,-148.5000000708285
-147.031322,-80.71828761,50.8,-148.5000000708285
-148.7033174,-77.98983909,50.8,-148.5000000708285
-147.031322,-80.71828761,41.2,-148.5000000708285
-148.7033174,-77.98983909,47.6,-148.5000000708285
-147.031322,-80.71828761,44.4,-148.5000000708285
-148.7033174,-77.98983909,41.2,-148.5000000708285
-148.7033174,-77.98983909,44.4,-148.5000000708285
-145.3593266,-83.44673614,31.6,-148.5000000708285
-147.031322,-80.71828761,31.6,-148.5000000708285
-147.031322,-80.71828761,28.4,-148.5000000708285
-147.031322,-80.71828761,38.0,-148.5000000708285
-147.031322,-80.71828761,34.8,-148.5000000708285
-148.7033174,-77.98983909,31.6,-148.5000000708285
-148.7033174,-77.98983909,28.4,-148.5000000708285
-145.3593266,-83.44673614,28.4,-148.5000000708285
-143.6873312,-86.17518467,28.4,-148.5000000708285
-145.3593266,-83.44673614,38.0,-148.5000000708285
-148.7033174,-77.98983909,34.8,-148.5000000708285
-145.3593266,-83.44673614,34.8,-148.5000000708285
-143.6873312,-86.17518467,31.6,-148.5000000708285
-148.7033174,-77.98983909,38.0,-148.5000000708285
-148.7033174,-77.98983909,14.8,-148.5000000708285
-147.031322,-80.71828761,14.8,-148.5000000708285
-143.6873312,-86.17518467,18.0,-148.5000000708285
-147.031322,-80.71828761,18.0,-148.5000000708285
-143.6873312,-86.17518467,14.8,-148.5000000708285
-148.7033174,-77.98983909,21.2,-148.5000000708285
-145.3593266,-83.44673614,21.2,-148.5000000708285
-148.7033174,-77.98983909,24.4,-148.5000000708285
-147.031322,-80.71828761,21.2,-148.5000000708285
-142.0153358,-88.90363319,14.8,-148.5000000708285
-148.7033174,-77.98983909,18.0,-148.5000000708285
-142.0153358,-88.90363319,18.0,-148.5000000708285
-145.3593266,-83.44673614,14.8,-148.5000000708285
-145.3593266,-83.44673614,24.4,-148.5000000708285
-145.3593266,-83.44673614,18.0,-148.5000000708285
-147.031322,-80.71828761,24.4,-148.5000000708285
-148.7033174,-77.98983909,11.6,-148.5000000708285
-148.7033174,-77.98983909,5.2,-148.5000000708285
-148.7033174,-77.98983909,8.4,-148.5000000708285
-148.7033174,-77.98983909,2.0,-148.5000000708285
-147.031322,-80.71828761,8.4,-148.5000000708285
-147.031322,-80.71828761,11.6,-148.5000000708285
-147.031322,-80.71828761,5.2,-148.5000000708285
-147.031322,-80.71828761,2.0,-148.5000000708285
-145.3593266,-83.44673614,11.6,-148.5000000708285
-145.3593266,-83.44673614,5.2,-148.5000000708285
-145.3593266,-83.44673614,8.4,-148.5000000708285
-143.6873312,-86.17518467,21.2,-148.5000000708285
-145.3593266,-83.44673614,2.0,-148.5000000708285
-143.6873312,-86.17518467,2.0,-148.5000000708285
-143.6873312,-86.17518467,5.2,-148.5000000708285
-143.6873312,-86.17518467,11.6,-148.5000000708285
-143.6873312,-86.17518467,8.4,-148.5000000708285
-142.0153358,-88.90363319,8.4,-148.5000000708285
-142.0153358,-88.90363319,5.2,-148.5000000708285
-142.0153358,-88.90363319,11.6,-148.5000000708285
-142.0153358,-88.90363319,2.0,-148.5000000708285
-140.3433404,-91.63208172,2.0,-148.5000000708285
-143.6873312,-86.17518467,24.4,-148.5000000708285
-140.3433404,-91.63208172,5.2,-148.5000000708285
-138.671345,-94.36053025,2.0,-148.5000000708285
-140.3433404,-91.63208172,8.4,-148.5000000708285
-138.671345,-94.36053025,5.2,-148.5000000708285
-140.3433404,-91.63208172,11.6,-148.5000000708285
-136.9993496,-97.08897877,2.0,-148.5000000708285
-138.671345,-94.36053025,8.4,-148.5000000708285
-136.9993496,-97.08897877,5.2,-148.5000000708285
-138.671345,-94.36053025,11.6,-148.5000000708285
-136.9993496,-97.08897877,8.4,-148.5000000708285
-136.9993496,-97.08897877,11.6,-148.5000000708285
-140.3433404,-91.63208172,24.4,-148.5000000708285
-138.671345,-94.36053025,18.0,-148.5000000708285
-138.671345,-94.36053025,24.4,-148.5000000708285
-138.671345,-94.36053025,14.8,-148.5000000708285
-138.671345,-94.36053025,21.2,-148.5000000708285
-136.9993496,-97.08897877,21.2,-148.5000000708285
-136.9993496,-97.08897877,24.4,-148.5000000708285
-140.3433404,-91.63208172,21.2,-148.5000000708285
-142.0153358,-88.90363319,21.2,-148.5000000708285
-140.3433404,-91.63208172,14.8,-148.5000000708285
-136.9993496,-97.08897877,18.0,-148.5000000708285
-140.3433404,-91.63208172,18.0,-148.5000000708285
-142.0153358,-88.90363319,24.4,-148.5000000708285
-136.9993496,-97.08897877,14.8,-148.5000000708285
-150.5007227,-74.4622324,38.0,-157.5000000731707
-151.7253097,-71.50581789,38.0,-157.5000000731707
-152.9498967,-68.54940339,28.4,-157.5000000731707
-150.5007227,-74.4622324,34.8,-157.5000000731707
-154.1744836,-65.59298889,34.8,-157.5000000731707
-152.9498967,-68.54940339,34.8,-157.5000000731707
-154.1744836,-65.59298889,38.0,-157.5000000731707
-150.5007227,-74.4622324,28.4,-157.5000000731707
-151.7253097,-71.50581789,31.6,-157.5000000731707
-154.1744836,-65.59298889,28.4,-157.5000000731707
-151.7253097,-71.50581789,34.8,-157.5000000731707
-154.1744836,-65.59298889,31.6,-157.5000000731707
-152.9498967,-68.54940339,38.0,-157.5000000731707
-152.9498967,-68.54940339,31.6,-157.5000000731707
-150.5007227,-74.4622324,31.6,-157.5000000731707
-151.7253097,-71.50581789,28.4,-157.5000000731707
-150.5007227,-74.4622324,41.2,-157.5000000731707
-151.7253097,-71.50581789,41.2,-157.5000000731707
-150.5007227,-74.4622324,44.4,-157.5000000731707
-151.7253097,-71.50581789,44.4,-157.5000000731707
-150.5007227,-74.4622324,50.8,-157.5000000731707
-150.5007227,-74.4622324,47.6,-157.5000000731707
-151.7253097,-71.50581789,50.8,-157.5000000731707
-151.7253097,-71.50581789,47.6,-157.5000000731707
-152.9498967,-68.54940339,41.2,-157.5000000731707
-152.9498967,-68.54940339,47.6,-157.5000000731707
-152.9498967,-68.54940339,44.4,-157.5000000731707
-155.3990706,-62.63657438,38.0,-157.5000000731707
-152.9498967,-68.54940339,50.8,-157.5000000731707
-154.1744836,-65.59298889,41.2,-157.5000000731707
-154.1744836,-65.59298889,50.8,-157.5000000731707
-154.1744836,-65.59298889,47.6,-157.5000000731707
-154.1744836,-65.59298889,44.4,-157.5000000731707
-155.3990706,-62.63657438,41.2,-157.5000000731707
-155.3990706,-62.63657438,44.4,-157.5000000731707
-155.3990706,-62.63657438,50.8,-157.5000000731707
-155.3990706,-62.63657438,47.6,-157.5000000731707
-156.6236576,-59.68015988,50.8,-157.5000000731707
-155.3990706,-62.63657438,34.8,-157.5000000731707
-156.6236576,-59.68015988,47.6,-157.5000000731707
-156.6236576,-59.68015988,44.4,-157.5000000731707
-156.6236576,-59.68015988,41.2,-157.5000000731707
-157.8482446,-56.72374537,47.6,-157.5000000731707
-157.8482446,-56.72374537,50.8,-157.5000000731707
-159.0728316,-53.76733087,50.8,-157.5000000731707
-157.8482446,-56.72374537,41.2,-157.5000000731707
-159.0728316,-53.76733087,47.6,-157.5000000731707
-157.8482446,-56.72374537,44.4,-157.5000000731707
-159.0728316,-53.76733087,41.2,-157.5000000731707
-159.0728316,-53.76733087,44.4,-157.5000000731707
-156.6236576,-59.68015988,31.6,-157.5000000731707
-157.8482446,-56.72374537,31.6,-157.5000000731707
-157.8482446,-56.72374537,28.4,-157.5000000731707
-157.8482446,-56.72374537,38.0,-157.5000000731707
-157.8482446,-56.72374537,34.8,-157.5000000731707
-159.0728316,-53.76733087,31.6,-157.5000000731707
-159.0728316,-53.76733087,28.4,-157.5000000731707
-156.6236576,-59.68015988,28.4,-157.5000000731707
-155.3990706,-62.63657438,28.4,-157.5000000731707
-156.6236576,-59.68015988,38.0,-157.5000000731707
-159.0728316,-53.76733087,34.8,-157.5000000731707
-156.6236576,-59.68015988,34.8,-157.5000000731707
-155.3990706,-62.63657438,31.6,-157.5000000731707
-159.0728316,-53.76733087,38.0,-157.5000000731707
-159.0728316,-53.76733087,14.8,-157.5000000731707
-157.8482446,-56.72374537,14.8,-157.5000000731707
-155.3990706,-62.63657438,18.0,-157.5000000731707
-157.8482446,-56.72374537,18.0,-157.5000000731707
-155.3990706,-62.63657438,14.8,-157.5000000731707
-159.0728316,-53.76733087,21.2,-157.5000000731707
-156.6236576,-59.68015988,21.2,-157.5000000731707
-159.0728316,-53.76733087,24.4,-157.5000000731707
-157.8482446,-56.72374537,21.2,-157.5000000731707
-154.1744836,-65.59298889,14.8,-157.5000000731707
-159.0728316,-53.76733087,18.0,-157.5000000731707
-154.1744836,-65.59298889,18.0,-157.5000000731707
-156.6236576,-59.68015988,14.8,-157.5000000731707
-156.6236576,-59.68015988,24.4,-157.5000000731707
-156.6236576,-59.68015988,18.0,-157.5000000731707
-157.8482446,-56.72374537,24.4,-157.5000000731707
-159.0728316,-53.76733087,11.6,-157.5000000731707
-159.0728316,-53.76733087,5.2,-157.5000000731707
-159.0728316,-53.76733087,8.4,-157.5000000731707
-159.0728316,-53.76733087,2.0,-157.5000000731707
-157.8482446,-56.72374537,8.4,-157.5000000731707
-157.8482446,-56.72374537,11.6,-157.5000000731707
-157.8482446,-56.72374537,5.2,-157.5000000731707
-157.8482446,-56.72374537,2.0,-157.5000000731707
-156.6236576,-59.68015988,11.6,-157.5000000731707
-156.6236576,-59.68015988,5.2,-157.5000000731707
-156.6236576,-59.68015988,8.4,-157.5000000731707
-155.3990706,-62.63657438,21.2,-157.5000000731707
-156.6236576,-59.68015988,2.0,-157.5000000731707
-155.3990706,-62.63657438,2.0,-157.5000000731707
-155.3990706,-62.63657438,5.2,-157.5000000731707
-155.3990706,-62.63657438,11.6,-157.5000000731707
-155.3990706,-62.63657438,8.4,-157.5000000731707
-154.1744836,-65.59298889,8.4,-157.5000000731707
-154.1744836,-65.59298889,5.2,-157.5000000731707
-154.1744836,-65.59298889,11.6,-157.5000000731707
-154.1744836,-65.59298889,2.0,-157.5000000731707
-152.9498967,-68.54940339,2.0,-157.5000000731707
-155.3990706,-62.63657438,24.4,-157.5000000731707
-152.9498967,-68.54940339,5.2,-157.5000000731707
-151.7253097,-71.50581789,2.0,-157.5000000731707
-152.9498967,-68.54940339,8.4,-157.5000000731707
-151.7253097,-71.50581789,5.2,-157.5000000731707
-152.9498967,-68.54940339,11.6,-157.5000000731707
-150.5007227,-74.4622324,2.0,-157.5000000731707
-151.7253097,-71.50581789,8.4,-157.5000000731707
-150.5007227,-74.4622324,5.2,-157.5000000731707
-151.7253097,-71.50581789,11.6,-157.5000000731707
-150.5007227,-74.4622324,8.4,-157.5000000731707
-150.5007227,-74.4622324,11.6,-157.5000000731707
-152.9498967,-68.54940339,24.4,-157.5000000731707
-151.7253097,-71.50581789,18.0,-157.5000000731707
-151.7253097,-71.50581789,24.4,-157.5000000731707
-151.7253097,-71.50581789,14.8,-157.5000000731707
-151.7253097,-71.50581789,21.2,-157.5000000731707
-150.5007227,-74.4622324,21.2,-157.5000000731707
-150.5007227,-74.4622324,24.4,-157.5000000731707
-152.9498967,-68.54940339,21.2,-157.5000000731707
-154.1744836,-65.59298889,21.2,-157.5000000731707
-152.9498967,-68.54940339,14.8,-157.5000000731707
-150.5007227,-74.4622324,18.0,-157.5000000731707
-152.9498967,-68.54940339,18.0,-157.5000000731707
-154.1744836,-65.59298889,24.4,-157.5000000731707
-150.5007227,-74.4622324,14.8,-157.5000000731707
-150.5007227,-74.4622324,-14.8,-157.5000000731707
-151.7253097,-71.50581789,-14.8,-157.5000000731707
-152.9498967,-68.54940339,-24.4,-157.5000000731707
-150.5007227,-74.4622324,-18.0,-157.5000000731707
-154.1744836,-65.59298889,-18.0,-157.5000000731707
-152.9498967,-68.54940339,-18.0,-157.5000000731707
-154.1744836,-65.59298889,-14.8,-157.5000000731707
-150.5007227,-74.4622324,-24.4,-157.5000000731707
-151.7253097,-71.50581789,-21.2,-157.5000000731707
-154.1744836,-65.59298889,-24.4,-157.5000000731707
-151.7253097,-71.50581789,-18.0,-157.5000000731707
-154.1744836,-65.59298889,-21.2,-157.5000000731707
-152.9498967,-68.54940339,-14.8,-157.5000000731707
-152.9498967,-68.54940339,-21.2,-157.5000000731707
-150.5007227,-74.4622324,-21.2,-157.5000000731707
-151.7253097,-71.50581789,-24.4,-157.5000000731707
-150.5007227,-74.4622324,-11.6,-157.5000000731707
-151.7253097,-71.50581789,-11.6,-157.5000000731707
-150.5007227,-74.4622324,-8.4,-157.5000000731707
-151.7253097,-71.50581789,-8.4,-157.5000000731707
-150.5007227,-74.4622324,-2.0,-157.5000000731707
-150.5007227,-74.4622324,-5.2,-157.5000000731707
-151.7253097,-71.50581789,-2.0,-157.5000000731707
-151.7253097,-71.50581789,-5.2,-157.5000000731707
-152.9498967,-68.54940339,-11.6,-157.5000000731707
-152.9498967,-68.54940339,-5.2,-157.5000000731707
-152.9498967,-68.54940339,-8.4,-157.5000000731707
-155.3990706,-62.63657438,-14.8,-157.5000000731707
-152.9498967,-68.54940339,-2.0,-157.5000000731707
-154.1744836,-65.59298889,-11.6,-157.5000000731707
-154.1744836,-65.59298889,-2.0,-157.5000000731707
-154.1744836,-65.59298889,-5.2,-157.5000000731707
-154.1744836,-65.59298889,-8.4,-157.5000000731707
-155.3990706,-62.63657438,-11.6,-157.5000000731707
-155.3990706,-62.63657438,-8.4,-157.5000000731707
-155.3990706,-62.63657438,-2.0,-157.5000000731707
-155.3990706,-62.63657438,-5.2,-157.5000000731707
-156.6236576,-59.68015988,-2.0,-157.5000000731707
-155.3990706,-62.63657438,-18.0,-157.5000000731707
-156.6236576,-59.68015988,-5.2,-157.5000000731707
-156.6236576,-59.68015988,-8.4,-157.5000000731707
-156.6236576,-59.68015988,-11.6,-157.5000000731707
-157.8482446,-56.72374537,-5.2,-157.5000000731707
-157.8482446,-56.72374537,-2.0,-157.5000000731707
-159.0728316,-53.76733087,-2.0,-157.5000000731707
-157.8482446,-56.72374537,-11.6,-157.5000000731707
-159.0728316,-53.76733087,-5.2,-157.5000000731707
-157.8482446,-56.72374537,-8.4,-157.5000000731707
-159.0728316,-53.76733087,-11.6,-157.5000000731707
-159.0728316,-53.76733087,-8.4,-157.5000000731707
-156.6236576,-59.68015988,-21.2,-157.5000000731707
-157.8482446,-56.72374537,-21.2,-157.5000000731707
-157.8482446,-56.72374537,-24.4,-157.5000000731707
-157.8482446,-56.72374537,-14.8,-157.5000000731707
-157.8482446,-56.72374537,-18.0,-157.5000000731707
-159.0728316,-53.76733087,-21.2,-157.5000000731707
-159.0728316,-53.76733087,-24.4,-157.5000000731707
-156.6236576,-59.68015988,-24.4,-157.5000000731707
-155.3990706,-62.63657438,-24.4,-157.5000000731707
-156.6236576,-59.68015988,-14.8,-157.5000000731707
-159.0728316,-53.76733087,-18.0,-157.5000000731707
-156.6236576,-59.68015988,-18.0,-157.5000000731707
-155.3990706,-62.63657438,-21.2,-157.5000000731707
-159.0728316,-53.76733087,-14.8,-157.5000000731707
-159.0728316,-53.76733087,-38.0,-157.5000000731707
-157.8482446,-56.72374537,-38.0,-157.5000000731707
-155.3990706,-62.63657438,-34.8,-157.5000000731707
-157.8482446,-56.72374537,-34.8,-157.5000000731707
-155.3990706,-62.63657438,-38.0,-157.5000000731707
-159.0728316,-53.76733087,-31.6,-157.5000000731707
-156.6236576,-59.68015988,-31.6,-157.5000000731707
-159.0728316,-53.76733087,-28.4,-157.5000000731707
-157.8482446,-56.72374537,-31.6,-157.5000000731707
-154.1744836,-65.59298889,-38.0,-157.5000000731707
-159.0728316,-53.76733087,-34.8,-157.5000000731707
-154.1744836,-65.59298889,-34.8,-157.5000000731707
-156.6236576,-59.68015988,-38.0,-157.5000000731707
-156.6236576,-59.68015988,-28.4,-157.5000000731707
-156.6236576,-59.68015988,-34.8,-157.5000000731707
-157.8482446,-56.72374537,-28.4,-157.5000000731707
-159.0728316,-53.76733087,-41.2,-157.5000000731707
-159.0728316,-53.76733087,-47.6,-157.5000000731707
-159.0728316,-53.76733087,-44.4,-157.5000000731707
-159.0728316,-53.76733087,-50.8,-157.5000000731707
-157.8482446,-56.72374537,-44.4,-157.5000000731707
-157.8482446,-56.72374537,-41.2,-157.5000000731707
-157.8482446,-56.72374537,-47.6,-157.5000000731707
-157.8482446,-56.72374537,-50.8,-157.5000000731707
-156.6236576,-59.68015988,-41.2,-157.5000000731707
-156.6236576,-59.68015988,-47.6,-157.5000000731707
-156.6236576,-59.68015988,-44.4,-157.5000000731707
-155.3990706,-62.63657438,-31.6,-157.5000000731707
-156.6236576,-59.68015988,-50.8,-157.5000000731707
-155.3990706,-62.63657438,-50.8,-157.5000000731707
-155.3990706,-62.63657438,-47.6,-157.5000000731707
-155.3990706,-62.63657438,-41.2,-157.5000000731707
-155.3990706,-62.63657438,-44.4,-157.5000000731707
-154.1744836,-65.59298889,-44.4,-157.5000000731707
-154.1744836,-65.59298889,-47.6,-157.5000000731707
-154.1744836,-65.59298889,-41.2,-157.5000000731707
-154.1744836,-65.59298889,-50.8,-157.5000000731707
-152.9498967,-68.54940339,-50.8,-157.5000000731707
-155.3990706,-62.63657438,-28.4,-157.5000000731707
-152.9498967,-68.54940339,-47.6,-157.5000000731707
-151.7253097,-71.50581789,-50.8,-157.5000000731707
-152.9498967,-68.54940339,-44.4,-157.5000000731707
-151.7253097,-71.50581789,-47.6,-157.5000000731707
-152.9498967,-68.54940339,-41.2,-157.5000000731707
-150.5007227,-74.4622324,-50.8,-157.5000000731707
-151.7253097,-71.50581789,-44.4,-157.5000000731707
-150.5007227,-74.4622324,-47.6,-157.5000000731707
-151.7253097,-71.50581789,-41.2,-157.5000000731707
-150.5007227,-74.4622324,-44.4,-157.5000000731707
-150.5007227,-74.4622324,-41.2,-157.5000000731707
-152.9498967,-68.54940339,-28.4,-157.5000000731707
-151.7253097,-71.50581789,-34.8,-157.5000000731707
-151.7253097,-71.50581789,-28.4,-157.5000000731707
-151.7253097,-71.50581789,-38.0,-157.5000000731707
-151.7253097,-71.50581789,-31.6,-157.5000000731707
-150.5007227,-74.4622324,-31.6,-157.5000000731707
-150.5007227,-74.4622324,-28.4,-157.5000000731707
-152.9498967,-68.54940339,-31.6,-157.5000000731707
-154.1744836,-65.59298889,-31.6,-157.5000000731707
-152.9498967,-68.54940339,-38.0,-157.5000000731707
-150.5007227,-74.4622324,-34.8,-157.5000000731707
-152.9498967,-68.54940339,-34.8,-157.5000000731707
-154.1744836,-65.59298889,-28.4,-157.5000000731707
-150.5007227,-74.4622324,-38.0,-157.5000000731707
-136.9993496,-97.08897877,-14.8,-148.5000000708285
-138.671345,-94.36053025,-14.8,-148.5000000708285
-140.3433404,-91.63208172,-24.4,-148.5000000708285
-136.9993496,-97.08897877,-18.0,-148.5000000708285
-142.0153358,-88.90363319,-18.0,-148.5000000708285
-140.3433404,-91.63208172,-18.0,-148.5000000708285
-142.0153358,-88.90363319,-14.8,-148.5000000708285
-136.9993496,-97.08897877,-24.4,-148.5000000708285
-138.671345,-94.36053025,-21.2,-148.5000000708285
-142.0153358,-88.90363319,-24.4,-148.5000000708285
-138.671345,-94.36053025,-18.0,-148.5000000708285
-142.0153358,-88.90363319,-21.2,-148.5000000708285
-140.3433404,-91.63208172,-14.8,-148.5000000708285
-140.3433404,-91.63208172,-21.2,-148.5000000708285
-136.9993496,-97.08897877,-21.2,-148.5000000708285
-138.671345,-94.36053025,-24.4,-148.5000000708285
-136.9993496,-97.08897877,-11.6,-148.5000000708285
-138.671345,-94.36053025,-11.6,-148.5000000708285
-136.9993496,-97.08897877,-8.4,-148.5000000708285
-138.671345,-94.36053025,-8.4,-148.5000000708285
-136.9993496,-97.08897877,-2.0,-148.5000000708285
-136.9993496,-97.08897877,-5.2,-148.5000000708285
-138.671345,-94.36053025,-2.0,-148.5000000708285
-138.671345,-94.36053025,-5.2,-148.5000000708285
-140.3433404,-91.63208172,-11.6,-148.5000000708285
-140.3433404,-91.63208172,-5.2,-148.5000000708285
-140.3433404,-91.63208172,-8.4,-148.5000000708285
-143.6873312,-86.17518467,-14.8,-148.5000000708285
-140.3433404,-91.63208172,-2.0,-148.5000000708285
-142.0153358,-88.90363319,-11.6,-148.5000000708285
-142.0153358,-88.90363319,-2.0,-148.5000000708285
-142.0153358,-88.90363319,-5.2,-148.5000000708285
-142.0153358,-88.90363319,-8.4,-148.5000000708285
-143.6873312,-86.17518467,-11.6,-148.5000000708285
-143.6873312,-86.17518467,-8.4,-148.5000000708285
-143.6873312,-86.17518467,-2.0,-148.5000000708285
-143.6873312,-86.17518467,-5.2,-148.5000000708285
-145.3593266,-83.44673614,-2.0,-148.5000000708285
-143.6873312,-86.17518467,-18.0,-148.5000000708285
-145.3593266,-83.44673614,-5.2,-148.5000000708285
-145.3593266,-83.44673614,-8.4,-148.5000000708285
-145.3593266,-83.44673614,-11.6,-148.5000000708285
-147.031322,-80.71828761,-5.2,-148.5000000708285
-147.031322,-80.71828761,-2.0,-148.5000000708285
-148.7033174,-77.98983909,-2.0,-148.5000000708285
-147.031322,-80.71828761,-11.6,-148.5000000708285
-148.7033174,-77.98983909,-5.2,-148.5000000708285
-147.031322,-80.71828761,-8.4,-148.5000000708285
-148.7033174,-77.98983909,-11.6,-148.5000000708285
-148.7033174,-77.98983909,-8.4,-148.5000000708285
-145.3593266,-83.44673614,-21.2,-148.5000000708285
-147.031322,-80.71828761,-21.2,-148.5000000708285
-147.031322,-80.71828761,-24.4,-148.5000000708285
-147.031322,-80.71828761,-14.8,-148.5000000708285
-147.031322,-80.71828761,-18.0,-148.5000000708285
-148.7033174,-77.98983909,-21.2,-148.5000000708285
-148.7033174,-77.98983909,-24.4,-148.5000000708285
-145.3593266,-83.44673614,-24.4,-148.5000000708285
-143.6873312,-86.17518467,-24.4,-148.5000000708285
-145.3593266,-83.44673614,-14.8,-148.5000000708285
-148.7033174,-77.98983909,-18.0,-148.5000000708285
-145.3593266,-83.44673614,-18.0,-148.5000000708285
-143.6873312,-86.17518467,-21.2,-148.5000000708285
-148.7033174,-77.98983909,-14.8,-148.5000000708285
-148.7033174,-77.98983909,-38.0,-148.5000000708285
-147.031322,-80.71828761,-38.0,-148.5000000708285
-143.6873312,-86.17518467,-34.8,-148.5000000708285
-147.031322,-80.71828761,-34.8,-148.5000000708285
-143.6873312,-86.17518467,-38.0,-148.5000000708285
-148.7033174,-77.98983909,-31.6,-148.5000000708285
-145.3593266,-83.44673614,-31.6,-148.5000000708285
-148.7033174,-77.98983909,-28.4,-148.5000000708285
-147.031322,-80.71828761,-31.6,-148.5000000708285
-142.0153358,-88.90363319,-38.0,-148.5000000708285
-148.7033174,-77.98983909,-34.8,-148.5000000708285
-142.0153358,-88.90363319,-34.8,-148.5000000708285
-145.3593266,-83.44673614,-38.0,-148.5000000708285
-145.3593266,-83.44673614,-28.4,-148.5000000708285
-145.3593266,-83.44673614,-34.8,-148.5000000708285
-147.031322,-80.71828761,-28.4,-148.5000000708285
-148.7033174,-77.98983909,-41.2,-148.5000000708285
-148.7033174,-77.98983909,-47.6,-148.5000000708285
-148.7033174,-77.98983909,-44.4,-148.5000000708285
-148.7033174,-77.98983909,-50.8,-148.5000000708285
-147.031322,-80.71828761,-44.4,-148.5000000708285
-147.031322,-80.71828761,-41.2,-148.5000000708285
-147.031322,-80.71828761,-47.6,-148.5000000708285
-147.031322,-80.71828761,-50.8,-148.5000000708285
-145.3593266,-83.44673614,-41.2,-148.5000000708285
-145.3593266,-83.44673614,-47.6,-148.5000000708285
-145.3593266,-83.44673614,-44.4,-148.5000000708285
-143.6873312,-86.17518467,-31.6,-148.5000000708285
-145.3593266,-83.44673614,-50.8,-148.5000000708285
-143.6873312,-86.17518467,-50.8,-148.5000000708285
-143.6873312,-86.17518467,-47.6,-148.5000000708285
-143.6873312,-86.17518467,-41.2,-148.5000000708285
-143.6873312,-86.17518467,-44.4,-148.5000000708285
-142.0153358,-88.90363319,-44.4,-148.5000000708285
-142.0153358,-88.90363319,-47.6,-148.5000000708285
-142.0153358,-88.90363319,-41.2,-148.5000000708285
-142.0153358,-88.90363319,-50.8,-148.5000000708285
-140.3433404,-91.63208172,-50.8,-148.5000000708285
-143.6873312,-86.17518467,-28.4,-148.5000000708285
-140.3433404,-91.63208172,-47.6,-148.5000000708285
-138.671345,-94.36053025,-50.8,-148.5000000708285
-140.3433404,-91.63208172,-44.4,-148.5000000708285
-138.671345,-94.36053025,-47.6,-148.5000000708285
-140.3433404,-91.63208172,-41.2,-148.5000000708285
-136.9993496,-97.08897877,-50.8,-148.5000000708285
-138.671345,-94.36053025,-44.4,-148.5000000708285
-136.9993496,-97.08897877,-47.6,-148.5000000708285
-138.671345,-94.36053025,-41.2,-148.5000000708285
-136.9993496,-97.08897877,-44.4,-148.5000000708285
-136.9993496,-97.08897877,-41.2,-148.5000000708285
-140.3433404,-91.63208172,-28.4,-148.5000000708285
-138.671345,-94.36053025,-34.8,-148.5000000708285
-138.671345,-94.36053025,-28.4,-148.5000000708285
-138.671345,-94.36053025,-38.0,-148.5000000708285
-138.671345,-94.36053025,-31.6,-148.5000000708285
-136.9993496,-97.08897877,-31.6,-148.5000000708285
-136.9993496,-97.08897877,-28.4,-148.5000000708285
-140.3433404,-91.63208172,-31.6,-148.5000000708285
-142.0153358,-88.90363319,-31.6,-148.5000000708285
-140.3433404,-91.63208172,-38.0,-148.5000000708285
-136.9993496,-97.08897877,-34.8,-148.5000000708285
-140.3433404,-91.63208172,-34.8,-148.5000000708285
-142.0153358,-88.90363319,-28.4,-148.5000000708285
-136.9993496,-97.08897877,-38.0,-148.5000000708285
-120.1245978,-117.3250723,-14.8,-139.50000003528618
-122.2028316,-114.8917732,-14.8,-139.50000003528618
-124.2810653,-112.4584741,-24.4,-139.50000003528618
-120.1245978,-117.3250723,-18.0,-139.50000003528618
-126.3592991,-110.025175,-18.0,-139.50000003528618
-124.2810653,-112.4584741,-18.0,-139.50000003528618
-126.3592991,-110.025175,-14.8,-139.50000003528618
-120.1245978,-117.3250723,-24.4,-139.50000003528618
-122.2028316,-114.8917732,-21.2,-139.50000003528618
-126.3592991,-110.025175,-24.4,-139.50000003528618
-122.2028316,-114.8917732,-18.0,-139.50000003528618
-126.3592991,-110.025175,-21.2,-139.50000003528618
-124.2810653,-112.4584741,-14.8,-139.50000003528618
-124.2810653,-112.4584741,-21.2,-139.50000003528618
-120.1245978,-117.3250723,-21.2,-139.50000003528618
-122.2028316,-114.8917732,-24.4,-139.50000003528618
-120.1245978,-117.3250723,-11.6,-139.50000003528618
-122.2028316,-114.8917732,-11.6,-139.50000003528618
-120.1245978,-117.3250723,-8.4,-139.50000003528618
-122.2028316,-114.8917732,-8.4,-139.50000003528618
-120.1245978,-117.3250723,-2.0,-139.50000003528618
-120.1245978,-117.3250723,-5.2,-139.50000003528618
-122.2028316,-114.8917732,-2.0,-139.50000003528618
-122.2028316,-114.8917732,-5.2,-139.50000003528618
-124.2810653,-112.4584741,-11.6,-139.50000003528618
-124.2810653,-112.4584741,-5.2,-139.50000003528618
-124.2810653,-112.4584741,-8.4,-139.50000003528618
-128.4375328,-107.5918759,-14.8,-139.50000003528618
-124.2810653,-112.4584741,-2.0,-139.50000003528618
-126.3592991,-110.025175,-11.6,-139.50000003528618
-126.3592991,-110.025175,-2.0,-139.50000003528618
-126.3592991,-110.025175,-5.2,-139.50000003528618
-126.3592991,-110.025175,-8.4,-139.50000003528618
-128.4375328,-107.5918759,-11.6,-139.50000003528618
-128.4375328,-107.5918759,-8.4,-139.50000003528618
-128.4375328,-107.5918759,-2.0,-139.50000003528618
-128.4375328,-107.5918759,-5.2,-139.50000003528618
-130.5157666,-105.1585768,-2.0,-139.50000003528618
-128.4375328,-107.5918759,-18.0,-139.50000003528618
-130.5157666,-105.1585768,-5.2,-139.50000003528618
-130.5157666,-105.1585768,-8.4,-139.50000003528618
-130.5157666,-105.1585768,-11.6,-139.50000003528618
-132.5940003,-102.7252777,-5.2,-139.50000003528618
-132.5940003,-102.7252777,-2.0,-139.50000003528618
-134.6722341,-100.2919786,-2.0,-139.50000003528618
-132.5940003,-102.7252777,-11.6,-139.50000003528618
-134.6722341,-100.2919786,-5.2,-139.50000003528618
-132.5940003,-102.7252777,-8.4,-139.50000003528618
-134.6722341,-100.2919786,-11.6,-139.50000003528618
-134.6722341,-100.2919786,-8.4,-139.50000003528618
-130.5157666,-105.1585768,-21.2,-139.50000003528618
-132.5940003,-102.7252777,-21.2,-139.50000003528618
-132.5940003,-102.7252777,-24.4,-139.50000003528618
-132.5940003,-102.7252777,-14.8,-139.50000003528618
-132.5940003,-102.7252777,-18.0,-139.50000003528618
-134.6722341,-100.2919786,-21.2,-139.50000003528618
-134.6722341,-100.2919786,-24.4,-139.50000003528618
-130.5157666,-105.1585768,-24.4,-139.50000003528618
-128.4375328,-107.5918759,-24.4,-139.50000003528618
-130.5157666,-105.1585768,-14.8,-139.50000003528618
-134.6722341,-100.2919786,-18.0,-139.50000003528618
-130.5157666,-105.1585768,-18.0,-139.50000003528618
-128.4375328,-107.5918759,-21.2,-139.50000003528618
-134.6722341,-100.2919786,-14.8,-139.50000003528618
-134.6722341,-100.2919786,-38.0,-139.50000003528618
-132.5940003,-102.7252777,-38.0,-139.50000003528618
-128.4375328,-107.5918759,-34.8,-139.50000003528618
-132.5940003,-102.7252777,-34.8,-139.50000003528618
-128.4375328,-107.5918759,-38.0,-139.50000003528618
-134.6722341,-100.2919786,-31.6,-139.50000003528618
-130.5157666,-105.1585768,-31.6,-139.50000003528618
-134.6722341,-100.2919786,-28.4,-139.50000003528618
-132.5940003,-102.7252777,-31.6,-139.50000003528618
-126.3592991,-110.025175,-38.0,-139.50000003528618
-134.6722341,-100.2919786,-34.8,-139.50000003528618
-126.3592991,-110.025175,-34.8,-139.50000003528618
-130.5157666,-105.1585768,-38.0,-139.50000003528618
-130.5157666,-105.1585768,-28.4,-139.50000003528618
-130.5157666,-105.1585768,-34.8,-139.50000003528618
-132.5940003,-102.7252777,-28.4,-139.50000003528618
-134.6722341,-100.2919786,-41.2,-139.50000003528618
-134.6722341,-100.2919786,-47.6,-139.50000003528618
-134.6722341,-100.2919786,-44.4,-139.50000003528618
-134.6722341,-100.2919786,-50.8,-139.50000003528618
-132.5940003,-102.7252777,-44.4,-139.50000003528618
-132.5940003,-102.7252777,-41.2,-139.50000003528618
-132.5940003,-102.7252777,-47.6,-139.50000003528618
-132.5940003,-102.7252777,-50.8,-139.50000003528618
-130.5157666,-105.1585768,-41.2,-139.50000003528618
-130.5157666,-105.1585768,-47.6,-139.50000003528618
-130.5157666,-105.1585768,-44.4,-139.50000003528618
-128.4375328,-107.5918759,-31.6,-139.50000003528618
-130.5157666,-105.1585768,-50.8,-139.50000003528618
-128.4375328,-107.5918759,-50.8,-139.50000003528618
-128.4375328,-107.5918759,-47.6,-139.50000003528618
-128.4375328,-107.5918759,-41.2,-139.50000003528618
-128.4375328,-107.5918759,-44.4,-139.50000003528618
-126.3592991,-110.025175,-44.4,-139.50000003528618
-126.3592991,-110.025175,-47.6,-139.50000003528618
-126.3592991,-110.025175,-41.2,-139.50000003528618
-126.3592991,-110.025175,-50.8,-139.50000003528618
-124.2810653,-112.4584741,-50.8,-139.50000003528618
-128.4375328,-107.5918759,-28.4,-139.50000003528618
-124.2810653,-112.4584741,-47.6,-139.50000003528618
-122.2028316,-114.8917732,-50.8,-139.50000003528618
-124.2810653,-112.4584741,-44.4,-139.50000003528618
-122.2028316,-114.8917732,-47.6,-139.50000003528618
-124.2810653,-112.4584741,-41.2,-139.50000003528618
-120.1245978,-117.3250723,-50.8,-139.50000003528618
-122.2028316,-114.8917732,-44.4,-139.50000003528618
-120.1245978,-117.3250723,-47.6,-139.50000003528618
-122.2028316,-114.8917732,-41.2,-139.50000003528618
-120.1245978,-117.3250723,-44.4,-139.50000003528618
-120.1245978,-117.3250723,-41.2,-139.50000003528618
-124.2810653,-112.4584741,-28.4,-139.50000003528618
-122.2028316,-114.8917732,-34.8,-139.50000003528618
-122.2028316,-114.8917732,-28.4,-139.50000003528618
-122.2028316,-114.8917732,-38.0,-139.50000003528618
-122.2028316,-114.8917732,-31.6,-139.50000003528618
-120.1245978,-117.3250723,-31.6,-139.50000003528618
-120.1245978,-117.3250723,-28.4,-139.50000003528618
-124.2810653,-112.4584741,-31.6,-139.50000003528618
-126.3592991,-110.025175,-31.6,-139.50000003528618
-124.2810653,-112.4584741,-38.0,-139.50000003528618
-120.1245978,-117.3250723,-34.8,-139.50000003528618
-124.2810653,-112.4584741,-34.8,-139.50000003528618
-126.3592991,-110.025175,-28.4,-139.50000003528618
-120.1245978,-117.3250723,-38.0,-139.50000003528618
-100.2919798,-134.6722331,-14.8,-130.50000005046996
-102.7252789,-132.5939994,-14.8,-130.50000005046996
-105.158578,-130.5157656,-24.4,-130.50000005046996
-100.2919798,-134.6722331,-18.0,-130.50000005046996
-107.5918771,-128.4375319,-18.0,-130.50000005046996
-105.158578,-130.5157656,-18.0,-130.50000005046996
-107.5918771,-128.4375319,-14.8,-130.50000005046996
-100.2919798,-134.6722331,-24.4,-130.50000005046996
-102.7252789,-132.5939994,-21.2,-130.50000005046996
-107.5918771,-128.4375319,-24.4,-130.50000005046996
-102.7252789,-132.5939994,-18.0,-130.50000005046996
-107.5918771,-128.4375319,-21.2,-130.50000005046996
-105.158578,-130.5157656,-14.8,-130.50000005046996
-105.158578,-130.5157656,-21.2,-130.50000005046996
-100.2919798,-134.6722331,-21.2,-130.50000005046996
-102.7252789,-132.5939994,-24.4,-130.50000005046996
-100.2919798,-134.6722331,-11.6,-130.50000005046996
-102.7252789,-132.5939994,-11.6,-130.50000005046996
-100.2919798,-134.6722331,-8.4,-130.50000005046996
-102.7252789,-132.5939994,-8.4,-130.50000005046996
-100.2919798,-134.6722331,-2.0,-130.50000005046996
-100.2919798,-134.6722331,-5.2,-130.50000005046996
-102.7252789,-132.5939994,-2.0,-130.50000005046996
-102.7252789,-132.5939994,-5.2,-130.50000005046996
-105.158578,-130.5157656,-11.6,-130.50000005046996
-105.158578,-130.5157656,-5.2,-130.50000005046996
-105.158578,-130.5157656,-8.4,-130.50000005046996
-110.0251761,-126.3592981,-14.8,-130.50000005046996
-105.158578,-130.5157656,-2.0,-130.50000005046996
-107.5918771,-128.4375319,-11.6,-130.50000005046996
-107.5918771,-128.4375319,-2.0,-130.50000005046996
-107.5918771,-128.4375319,-5.2,-130.50000005046996
-107.5918771,-128.4375319,-8.4,-130.50000005046996
-110.0251761,-126.3592981,-11.6,-130.50000005046996
-110.0251761,-126.3592981,-8.4,-130.50000005046996
-110.0251761,-126.3592981,-2.0,-130.50000005046996
-110.0251761,-126.3592981,-5.2,-130.50000005046996
-112.4584752,-124.2810643,-2.0,-130.50000005046996
-110.0251761,-126.3592981,-18.0,-130.50000005046996
-112.4584752,-124.2810643,-5.2,-130.50000005046996
-112.4584752,-124.2810643,-8.4,-130.50000005046996
-112.4584752,-124.2810643,-11.6,-130.50000005046996
-114.8917743,-122.2028306,-5.2,-130.50000005046996
-114.8917743,-122.2028306,-2.0,-130.50000005046996
-117.3250734,-120.1245968,-2.0,-130.50000005046996
-114.8917743,-122.2028306,-11.6,-130.50000005046996
-117.3250734,-120.1245968,-5.2,-130.50000005046996
-114.8917743,-122.2028306,-8.4,-130.50000005046996
-117.3250734,-120.1245968,-11.6,-130.50000005046996
-117.3250734,-120.1245968,-8.4,-130.50000005046996
-112.4584752,-124.2810643,-21.2,-130.50000005046996
-114.8917743,-122.2028306,-21.2,-130.50000005046996
-114.8917743,-122.2028306,-24.4,-130.50000005046996
-114.8917743,-122.2028306,-14.8,-130.50000005046996
-114.8917743,-122.2028306,-18.0,-130.50000005046996
-117.3250734,-120.1245968,-21.2,-130.50000005046996
-117.3250734,-120.1245968,-24.4,-130.50000005046996
-112.4584752,-124.2810643,-24.4,-130.50000005046996
-110.0251761,-126.3592981,-24.4,-130.50000005046996
-112.4584752,-124.2810643,-14.8,-130.50000005046996
-117.3250734,-120.1245968,-18.0,-130.50000005046996
-112.4584752,-124.2810643,-18.0,-130.50000005046996
-110.0251761,-126.3592981,-21.2,-130.50000005046996
-117.3250734,-120.1245968,-14.8,-130.50000005046996
-117.3250734,-120.1245968,-38.0,-130.50000005046996
-114.8917743,-122.2028306,-38.0,-130.50000005046996
-110.0251761,-126.3592981,-34.8,-130.50000005046996
-114.8917743,-122.2028306,-34.8,-130.50000005046996
-110.0251761,-126.3592981,-38.0,-130.50000005046996
-117.3250734,-120.1245968,-31.6,-130.50000005046996
-112.4584752,-124.2810643,-31.6,-130.50000005046996
-117.3250734,-120.1245968,-28.4,-130.50000005046996
-114.8917743,-122.2028306,-31.6,-130.50000005046996
-107.5918771,-128.4375319,-38.0,-130.50000005046996
-117.3250734,-120.1245968,-34.8,-130.50000005046996
-107.5918771,-128.4375319,-34.8,-130.50000005046996
-112.4584752,-124.2810643,-38.0,-130.50000005046996
-112.4584752,-124.2810643,-28.4,-130.50000005046996
-112.4584752,-124.2810643,-34.8,-130.50000005046996
-114.8917743,-122.2028306,-28.4,-130.50000005046996
-117.3250734,-120.1245968,-41.2,-130.50000005046996
-117.3250734,-120.1245968,-47.6,-130.50000005046996
-117.3250734,-120.1245968,-44.4,-130.50000005046996
-117.3250734,-120.1245968,-50.8,-130.50000005046996
-114.8917743,-122.2028306,-44.4,-130.50000005046996
-114.8917743,-122.2028306,-41.2,-130.50000005046996
-114.8917743,-122.2028306,-47.6,-130.50000005046996
-114.8917743,-122.2028306,-50.8,-130.50000005046996
-112.4584752,-124.2810643,-41.2,-130.50000005046996
-112.4584752,-124.2810643,-47.6,-130.50000005046996
-112.4584752,-124.2810643,-44.4,-130.50000005046996
-110.0251761,-126.3592981,-31.6,-130.50000005046996
-112.4584752,-124.2810643,-50.8,-130.50000005046996
-110.0251761,-126.3592981,-50.8,-130.50000005046996
-110.0251761,-126.3592981,-47.6,-130.50000005046996
-110.0251761,-126.3592981,-41.2,-130.50000005046996
-110.0251761,-126.3592981,-44.4,-130.50000005046996
-107.5918771,-128.4375319,-44.4,-130.50000005046996
-107.5918771,-128.4375319,-47.6,-130.50000005046996
-107.5918771,-128.4375319,-41.2,-130.50000005046996
-107.5918771,-128.4375319,-50.8,-130.50000005046996
-105.158578,-130.5157656,-50.8,-130.50000005046996
-110.0251761,-126.3592981,-28.4,-130.50000005046996
-105.158578,-130.5157656,-47.6,-130.50000005046996
-102.7252789,-132.5939994,-50.8,-130.50000005046996
-105.158578,-130.5157656,-44.4,-130.50000005046996
-102.7252789,-132.5939994,-47.6,-130.50000005046996
-105.158578,-130.5157656,-41.2,-130.50000005046996
-100.2919798,-134.6722331,-50.8,-130.50000005046996
-102.7252789,-132.5939994,-44.4,-130.50000005046996
-100.2919798,-134.6722331,-47.6,-130.50000005046996
-102.7252789,-132.5939994,-41.2,-130.50000005046996
-100.2919798,-134.6722331,-44.4,-130.50000005046996
-100.2919798,-134.6722331,-41.2,-130.50000005046996
-105.158578,-130.5157656,-28.4,-130.50000005046996
-102.7252789,-132.5939994,-34.8,-130.50000005046996
-102.7252789,-132.5939994,-28.4,-130.50000005046996
-102.7252789,-132.5939994,-38.0,-130.50000005046996
-102.7252789,-132.5939994,-31.6,-130.50000005046996
-100.2919798,-134.6722331,-31.6,-130.50000005046996
-100.2919798,-134.6722331,-28.4,-130.50000005046996
-105.158578,-130.5157656,-31.6,-130.50000005046996
-107.5918771,-128.4375319,-31.6,-130.50000005046996
-105.158578,-130.5157656,-38.0,-130.50000005046996
-100.2919798,-134.6722331,-34.8,-130.50000005046996
-105.158578,-130.5157656,-34.8,-130.50000005046996
-107.5918771,-128.4375319,-28.4,-130.50000005046996
-100.2919798,-134.6722331,-38.0,-130.50000005046996
